{
	"editor": {
		"allAngles": false,
		"entityTextureMode": false
	},
	"textureWidth": 16,
	"textureHeight": 16,
	"textureSizes": {
	},
	"textures": {
		"e4": "block/plant/crop/yam/e4"
	},
	"elements": [
		{
			"name": "origin",
			"from": [ 8.0, 0.0, 8.0 ], 
			"to": [ 8.0, 0.0, 8.0 ], 
			"rotationOrigin": [ 8.0, 0.0, 8.0 ],
			"faces": {
				"north": { "texture": "#null", "uv": [ 0.0, 0.0, 0.5, 0.5 ] },
				"east": { "texture": "#null", "uv": [ 0.0, 0.0, 0.5, 0.5 ] },
				"south": { "texture": "#null", "uv": [ 0.0, 0.0, 0.5, 0.5 ] },
				"west": { "texture": "#null", "uv": [ 0.0, 0.0, 0.5, 0.5 ] },
				"up": { "texture": "#null", "uv": [ 0.0, 0.0, 0.5, 0.5 ] },
				"down": { "texture": "#null", "uv": [ 0.0, 0.0, 0.5, 0.5 ] }
			},
			"children": [
				{
					"name": "yam1",
					"from": [ 4.0, 0.0, 0.0 ], 
					"to": [ 4.0, 0.0, 0.0 ], 
					"rotationOrigin": [ 4.0, 0.0, 0.0 ],
					"faces": {
						"north": { "texture": "#null", "uv": [ 0.0, 0.0, 0.5, 0.5 ] },
						"east": { "texture": "#null", "uv": [ 0.0, 0.0, 0.5, 0.5 ] },
						"south": { "texture": "#null", "uv": [ 0.0, 0.0, 0.5, 0.5 ] },
						"west": { "texture": "#null", "uv": [ 0.0, 0.0, 0.5, 0.5 ] },
						"up": { "texture": "#null", "uv": [ 0.0, 0.0, 0.5, 0.5 ] },
						"down": { "texture": "#null", "uv": [ 0.0, 0.0, 0.5, 0.5 ] }
					},
					"children": [
						{
							"name": "s1",
							"from": [ -7.0, 0.0, -1.0 ], 
							"to": [ 9.0, 16.0, 0.0 ], 
							"shade": false,
							"renderPass": 2,
							"rotationOrigin": [ -7.0, 0.0, -1.0 ],
							"faces": {
								"north": { "texture": "#null", "uv": [ 0.0, 0.0, 16.0, 16.0 ], "enabled": false },
								"east": { "texture": "#null", "uv": [ 0.0, 0.0, 1.0, 16.0 ], "enabled": false },
								"south": { "texture": "#e4", "uv": [ 0.0, 0.0, 16.0, 16.0 ], "windMode": [-1,-1,1,1] },
								"west": { "texture": "#null", "uv": [ 0.0, 0.0, 1.0, 16.0 ], "enabled": false },
								"up": { "texture": "#null", "uv": [ 0.0, 0.0, 16.0, 1.0 ], "enabled": false },
								"down": { "texture": "#null", "uv": [ 0.0, 0.0, 16.0, 1.0 ], "enabled": false }
							}
						},
						{
							"name": "e1",
							"from": [ 0.0, 0.0, -8.0 ], 
							"to": [ 1.0, 16.0, 8.0 ], 
							"shade": false,
							"renderPass": 2,
							"rotationOrigin": [ 0.0, 0.0, -8.0 ],
							"faces": {
								"north": { "texture": "#null", "uv": [ 0.0, 0.0, 1.0, 16.0 ], "enabled": false },
								"east": { "texture": "#e4", "uv": [ 0.0, 0.0, 16.0, 16.0 ], "windMode": [-1,1,1,-1] },
								"south": { "texture": "#null", "uv": [ 0.0, 0.0, 16.0, 16.0 ], "enabled": false, "autoUv": false, "windMode": [-1,-1,-1,-1] },
								"west": { "texture": "#null", "uv": [ 0.0, 0.0, 16.0, 16.0 ], "enabled": false },
								"up": { "texture": "#null", "uv": [ 0.0, 0.0, 1.0, 16.0 ], "enabled": false },
								"down": { "texture": "#null", "uv": [ 0.0, 0.0, 1.0, 16.0 ], "enabled": false }
							}
						}
					]
				},
				{
					"name": "yam2",
					"from": [ -6.0, 0.0, 0.0 ], 
					"to": [ -6.0, 0.0, 0.0 ], 
					"rotationOrigin": [ -6.0, 0.0, 0.0 ],
					"faces": {
						"north": { "texture": "#null", "uv": [ 0.0, 0.0, 0.5, 0.5 ] },
						"east": { "texture": "#null", "uv": [ 0.0, 0.0, 0.5, 0.5 ] },
						"south": { "texture": "#null", "uv": [ 0.0, 0.0, 0.5, 0.5 ] },
						"west": { "texture": "#null", "uv": [ 0.0, 0.0, 0.5, 0.5 ] },
						"up": { "texture": "#null", "uv": [ 0.0, 0.0, 0.5, 0.5 ] },
						"down": { "texture": "#null", "uv": [ 0.0, 0.0, 0.5, 0.5 ] }
					},
					"children": [
						{
							"name": "s2",
							"from": [ -7.0, 0.0, -1.0 ], 
							"to": [ 9.0, 16.0, 0.0 ], 
							"shade": false,
							"renderPass": 2,
							"rotationOrigin": [ -7.0, 0.0, -1.0 ],
							"faces": {
								"north": { "texture": "#null", "uv": [ 0.0, 0.0, 16.0, 16.0 ], "enabled": false },
								"east": { "texture": "#null", "uv": [ 0.0, 0.0, 1.0, 16.0 ], "enabled": false },
								"south": { "texture": "#e4", "uv": [ 0.0, 0.0, 16.0, 16.0 ], "windMode": [-1,-1,1,1] },
								"west": { "texture": "#null", "uv": [ 0.0, 0.0, 1.0, 16.0 ], "enabled": false },
								"up": { "texture": "#null", "uv": [ 0.0, 0.0, 16.0, 1.0 ], "enabled": false },
								"down": { "texture": "#null", "uv": [ 0.0, 0.0, 16.0, 1.0 ], "enabled": false }
							}
						},
						{
							"name": "e2",
							"from": [ 0.0, 0.0, -8.0 ], 
							"to": [ 1.0, 16.0, 8.0 ], 
							"shade": false,
							"renderPass": 2,
							"rotationOrigin": [ 0.0, 0.0, -8.0 ],
							"faces": {
								"north": { "texture": "#null", "uv": [ 0.0, 0.0, 1.0, 16.0 ], "enabled": false },
								"east": { "texture": "#e4", "uv": [ 0.0, 0.0, 16.0, 16.0 ], "windMode": [-1,1,1,-1] },
								"south": { "texture": "#null", "uv": [ 0.0, 0.0, 16.0, 16.0 ], "enabled": false, "autoUv": false },
								"west": { "texture": "#null", "uv": [ 0.0, 0.0, 16.0, 16.0 ], "enabled": false },
								"up": { "texture": "#null", "uv": [ 0.0, 0.0, 1.0, 16.0 ], "enabled": false },
								"down": { "texture": "#null", "uv": [ 0.0, 0.0, 1.0, 16.0 ], "enabled": false }
							}
						}
					]
				}
			]
		}
	]}