{
  "Type": "content",
  "TextureSize": 32,
  "Name": "Farm To Table",
  "Version": "1.0.6",
  "NetworkVersion": null,
  "Description": "Adds more crops to Vintage Story along with uses for them.",
  "Website": "https://github.com/SeanQuinn96/Farm-To-Table",
  "ModID": "morecropsfix",
  "Authors": [
    "Sean_OCuin"
  ],
  "Contributors": [ "Ледяная Соня", "NESHK0", "Minni6in", "DemonBigj781" ],
  "Side": "Universal",
  "RequiredOnClient": true,
  "RequiredOnServer": true,
  "Dependencies": {}
}