{
	"editor": {
		"allAngles": false,
		"entityTextureMode": false
	},
	"textureWidth": 16,
	"textureHeight": 16,
	"textureSizes": {
	},
	"textures": {
		"skin": "morecropsfix:block/plant/crop/corn/corn"
	},
	"elements": [
		{
			"name": "corn 2",
			"from": [ 5.75, 0.3, 6.75 ], 
			"to": [ 9.75, 1.8, 8.25 ], 
			"rotationOrigin": [ 8.1, -0.2, 7.5 ],
			"faces": {
				"north": { "texture": "#skin", "uv": [ 13.0, 1.0, 16.0, 9.0 ], "rotation": 90 },
				"east": { "texture": "#skin", "uv": [ 1.0, 13.0, 4.0, 16.0 ], "rotation": 270 },
				"south": { "texture": "#skin", "uv": [ 13.0, 2.0, 16.0, 10.0 ], "rotation": 90 },
				"west": { "texture": "#skin", "uv": [ 16.0, 5.0, 13.0, 8.0 ], "rotation": 90 },
				"up": { "texture": "#skin", "uv": [ 13.0, 1.0, 16.0, 9.0 ], "rotation": 90 },
				"down": { "texture": "#skin", "uv": [ 0.0, 7.0, 3.0, 15.0 ], "rotation": 90 }
			},
			"children": [
				{
					"name": "corn 4",
					"from": [ -1.0, 0.25, 0.25 ], 
					"to": [ 4.5, 1.25, 1.25 ], 
					"rotationOrigin": [ 1.95, -0.2, 0.95 ],
					"faces": {
						"north": { "texture": "#skin", "uv": [ 13.0, 3.0, 15.0, 14.0 ], "rotation": 90 },
						"east": { "texture": "#skin", "uv": [ 2.0, 11.0, 4.0, 13.0 ] },
						"south": { "texture": "#skin", "uv": [ 13.0, 3.0, 15.0, 14.0 ], "rotation": 270 },
						"west": { "texture": "#skin", "uv": [ 14.0, 5.0, 16.0, 7.0 ] },
						"up": { "texture": "#skin", "uv": [ 13.0, 3.0, 15.0, 14.0 ], "rotation": 270 },
						"down": { "texture": "#skin", "uv": [ 13.0, 3.0, 15.0, 14.0 ], "rotation": 90 }
					}
				},
				{
					"name": "Cube1",
					"from": [ 1.0, 1.5, 0.0 ], 
					"to": [ 4.0, 1.5, 1.5 ], 
					"rotationOrigin": [ 4.0, 1.5, 0.75 ],
					"rotationZ": -12.5,
					"faces": {
						"north": { "texture": "#skin", "uv": [ 9.0, 0.0, 12.0, 16.0 ], "enabled": false },
						"east": { "texture": "#skin", "uv": [ 0.0, 0.0, 1.0, 1.0 ], "enabled": false },
						"south": { "texture": "#skin", "uv": [ 0.0, 0.0, 3.0, 1.0 ], "enabled": false },
						"west": { "texture": "#skin", "uv": [ 0.0, 0.0, 1.0, 1.0 ], "enabled": false },
						"up": { "texture": "#skin", "uv": [ 9.0, 5.0, 12.0, 11.0 ], "rotation": 90 },
						"down": { "texture": "#skin", "uv": [ 0.0, 0.0, 3.0, 1.0 ], "enabled": false }
					}
				},
				{
					"name": "Cube4",
					"from": [ -2.07, 2.15, 0.0 ], 
					"to": [ 0.93, 2.15, 1.5 ], 
					"rotationOrigin": [ 1.0, 2.12, 0.75 ],
					"rotationZ": -135.0,
					"faces": {
						"north": { "texture": "#skin", "uv": [ 0.0, 0.0, 3.0, 1.0 ], "enabled": false },
						"east": { "texture": "#skin", "uv": [ 0.0, 0.0, 1.0, 1.0 ], "enabled": false },
						"south": { "texture": "#skin", "uv": [ 0.0, 0.0, 3.0, 1.0 ], "enabled": false },
						"west": { "texture": "#skin", "uv": [ 0.0, 0.0, 1.0, 1.0 ], "enabled": false },
						"up": { "texture": "#skin", "uv": [ 9.0, 0.0, 12.0, 6.0 ], "rotation": 270 },
						"down": { "texture": "#skin", "uv": [ 0.0, 0.0, 3.0, 1.0 ], "enabled": false }
					}
				},
				{
					"name": "Cube5",
					"from": [ 0.0, 0.0, 0.0 ], 
					"to": [ 4.0, 1.5, 0.0 ], 
					"rotationOrigin": [ 4.0, 0.75, 0.0 ],
					"rotationY": -8.5,
					"faces": {
						"north": { "texture": "#skin", "uv": [ 9.0, 5.0, 12.0, 13.0 ], "rotation": 90 },
						"east": { "texture": "#skin", "uv": [ 0.0, 0.0, 1.0, 1.0 ], "enabled": false },
						"south": { "texture": "#skin", "uv": [ 0.0, 0.0, 4.0, 1.0 ], "enabled": false },
						"west": { "texture": "#skin", "uv": [ 0.0, 0.0, 1.0, 1.0 ], "enabled": false },
						"up": { "texture": "#skin", "uv": [ 0.0, 0.0, 4.0, 1.0 ], "enabled": false },
						"down": { "texture": "#skin", "uv": [ 0.0, 0.0, 4.0, 1.0 ], "enabled": false }
					}
				},
				{
					"name": "Cube6",
					"from": [ -1.33, 0.0, -0.45 ], 
					"to": [ 0.17, 1.5, -0.45 ], 
					"rotationOrigin": [ -0.5, 0.75, 0.0 ],
					"rotationY": 13.2,
					"faces": {
						"north": { "texture": "#skin", "uv": [ 9.0, 0.0, 12.0, 3.0 ], "rotation": 90 },
						"east": { "texture": "#skin", "uv": [ 0.0, 0.0, 1.0, 1.0 ], "enabled": false },
						"south": { "texture": "#skin", "uv": [ 0.0, 0.0, 1.0, 1.0 ], "enabled": false },
						"west": { "texture": "#skin", "uv": [ 0.0, 0.0, 1.0, 1.0 ], "enabled": false },
						"up": { "texture": "#skin", "uv": [ 0.0, 0.0, 1.0, 1.0 ], "enabled": false },
						"down": { "texture": "#skin", "uv": [ 0.0, 0.0, 1.0, 1.0 ], "enabled": false }
					}
				},
				{
					"name": "Cube7",
					"from": [ -2.0, 0.0, 0.0 ], 
					"to": [ 0.0, 0.0, 1.5 ], 
					"rotationOrigin": [ -2.0, 0.0, 0.0 ],
					"faces": {
						"north": { "texture": "#null", "uv": [ 0.0, 0.0, 16.0, 16.0 ], "enabled": false },
						"east": { "texture": "#skin", "uv": [ 0.0, 0.0, 1.0, 1.0 ], "enabled": false },
						"south": { "texture": "#skin", "uv": [ 0.0, 0.0, 2.0, 1.0 ], "enabled": false },
						"west": { "texture": "#skin", "uv": [ 0.0, 0.0, 1.0, 1.0 ], "enabled": false },
						"up": { "texture": "#skin", "uv": [ 5.0, 0.0, 8.0, 4.0 ], "rotation": 270 },
						"down": { "texture": "#skin", "uv": [ 0.0, 0.0, 2.0, 1.0 ], "enabled": false }
					}
				},
				{
					"name": "Cube8",
					"from": [ -1.5, 0.0, 1.5 ], 
					"to": [ 4.0, 1.5, 1.5 ], 
					"rotationOrigin": [ 4.0, 0.75, 1.0 ],
					"rotationY": 8.0,
					"faces": {
						"north": { "texture": "#skin", "uv": [ 0.0, 0.0, 5.0, 1.0 ], "enabled": false },
						"east": { "texture": "#skin", "uv": [ 0.0, 0.0, 1.0, 1.0 ], "enabled": false },
						"south": { "texture": "#skin", "uv": [ 5.0, 0.0, 8.0, 11.0 ], "rotation": 270 },
						"west": { "texture": "#skin", "uv": [ 0.0, 0.0, 1.0, 1.0 ], "enabled": false },
						"up": { "texture": "#skin", "uv": [ 0.0, 0.0, 5.0, 1.0 ], "enabled": false },
						"down": { "texture": "#skin", "uv": [ 0.0, 0.0, 5.0, 1.0 ], "enabled": false }
					}
				}
			]
		}
	]}