{
	"editor": {
		"allAngles": false,
		"entityTextureMode": false
	},
	"textureWidth": 16,
	"textureHeight": 16,
	"textureSizes": {
	},
	"textures": {
		"foliage6": "block/plant/crop/bellpepper/foliage6-1",
		"normal6-3": "block/plant/crop/bellpepper/normal6-3",
		"normal6-2": "block/plant/crop/bellpepper/normal6-2",
		"leaves1": "block/plant/crop/bellpepper/foliage6-1",
		"foliage62": "block/plant/crop/bellpepper/normal6-1",
		"foliage6-2": "block/plant/crop/bellpepper/foliage6-2"
	},
	"elements": [
		{
			"name": "origin",
			"from": [ 0.0, 0.0, 0.0 ], 
			"to": [ 0.0, 0.0, 0.0 ], 
			"rotationOrigin": [ 8.0, 0.0, 8.0 ],
			"faces": {
				"north": { "texture": "#null", "uv": [ 0.0, 0.0, 0.5, 0.5 ], "enabled": false },
				"east": { "texture": "#null", "uv": [ 0.0, 0.0, 0.5, 0.5 ], "enabled": false },
				"south": { "texture": "#null", "uv": [ 0.0, 0.0, 0.5, 0.5 ], "enabled": false },
				"west": { "texture": "#null", "uv": [ 0.0, 0.0, 0.5, 0.5 ], "enabled": false },
				"up": { "texture": "#null", "uv": [ 0.0, 0.0, 0.5, 0.5 ], "enabled": false },
				"down": { "texture": "#null", "uv": [ 0.0, 0.0, 0.5, 0.5 ], "enabled": false }
			},
			"children": [
				{
					"name": "face 1",
					"from": [ -4.0, 0.0, 8.0 ], 
					"to": [ 20.0, 48.0, 8.0 ], 
					"shade": false,
					"rotationOrigin": [ 8.0, 0.0, 8.0 ],
					"rotationY": -75.0,
					"faces": {
						"north": { "texture": "#foliage62", "uv": [ 0.0, 0.0, 16.0, 16.0 ], "autoUv": false },
						"east": { "texture": "#foliage62", "uv": [ 0.0, 0.0, 0.3333, 48.0 ], "enabled": false },
						"south": { "texture": "#foliage62", "uv": [ 0.0, 0.0, 24.0, 48.0 ], "enabled": false },
						"west": { "texture": "#foliage62", "uv": [ 0.0, 0.0, 0.3333, 48.0 ], "enabled": false },
						"up": { "texture": "#foliage62", "uv": [ 0.0, 0.0, 24.0, 0.1667 ], "enabled": false },
						"down": { "texture": "#foliage62", "uv": [ 0.0, 0.0, 24.0, 0.1667 ], "enabled": false }
					}
				},
				{
					"name": "face 2",
					"from": [ -4.0, 0.0, 8.0 ], 
					"to": [ 20.0, 48.0, 8.0 ], 
					"shade": false,
					"rotationOrigin": [ 8.0, 0.0, 8.0 ],
					"rotationY": -22.0,
					"faces": {
						"north": { "texture": "#normal6-2", "uv": [ 0.0, 0.0, 16.0, 16.0 ], "autoUv": false },
						"east": { "texture": "#foliage62", "uv": [ 0.0, 0.0, 0.3333, 48.0 ], "enabled": false },
						"south": { "texture": "#foliage62", "uv": [ 0.0, 0.0, 24.0, 48.0 ], "enabled": false },
						"west": { "texture": "#foliage62", "uv": [ 0.0, 0.0, 0.3333, 48.0 ], "enabled": false },
						"up": { "texture": "#foliage62", "uv": [ 0.0, 0.0, 24.0, 0.1667 ], "enabled": false },
						"down": { "texture": "#foliage62", "uv": [ 0.0, 0.0, 24.0, 0.1667 ], "enabled": false }
					}
				},
				{
					"name": "face 3",
					"from": [ 0.0, 4.0, 8.0 ], 
					"to": [ 16.0, 20.0, 8.0 ], 
					"shade": false,
					"rotationOrigin": [ 8.0, 4.0, 8.0 ],
					"rotationX": 67.5,
					"rotationY": 10.0,
					"faces": {
						"north": { "texture": "#leaves1", "uv": [ 0.0, 0.0, 16.0, 16.0 ], "autoUv": false },
						"east": { "texture": "#foliage6", "uv": [ 0.0, 0.0, 0.3333, 16.0 ], "enabled": false },
						"south": { "texture": "#foliage6", "uv": [ 0.0, 0.0, 16.0, 16.0 ], "enabled": false },
						"west": { "texture": "#foliage6", "uv": [ 0.0, 0.0, 0.3333, 16.0 ], "enabled": false },
						"up": { "texture": "#foliage6", "uv": [ 0.0, 0.0, 16.0, 0.3333 ], "enabled": false },
						"down": { "texture": "#foliage6", "uv": [ 0.0, 0.0, 16.0, 0.3333 ], "enabled": false }
					}
				},
				{
					"name": "face 4",
					"from": [ 0.0, 3.0, 8.0 ], 
					"to": [ 16.0, 19.0, 8.0 ], 
					"shade": false,
					"enabled": false,
					"renderInEditor": false,
					"rotationOrigin": [ 8.0, 3.0, 8.0 ],
					"rotationX": -67.5,
					"rotationY": 10.0,
					"faces": {
						"north": { "texture": "#leaves1", "uv": [ 0.0, 0.0, 16.0, 16.0 ], "autoUv": false },
						"east": { "texture": "#leaves1", "uv": [ 0.0, 0.0, 0.3333, 16.0 ], "enabled": false },
						"south": { "texture": "#leaves1", "uv": [ 0.0, 0.0, 16.0, 16.0 ], "enabled": false },
						"west": { "texture": "#leaves1", "uv": [ 0.0, 0.0, 0.3333, 16.0 ], "enabled": false },
						"up": { "texture": "#leaves1", "uv": [ 0.0, 0.0, 16.0, 0.3333 ], "enabled": false },
						"down": { "texture": "#leaves1", "uv": [ 0.0, 0.0, 16.0, 0.3333 ], "enabled": false }
					}
				},
				{
					"name": "face 6",
					"from": [ 0.0, 3.0, 8.0 ], 
					"to": [ 16.0, 19.0, 8.0 ], 
					"shade": false,
					"rotationOrigin": [ 8.0, 3.0, 8.0 ],
					"rotationX": -100.0,
					"rotationY": -157.5,
					"rotationZ": -90.0,
					"faces": {
						"north": { "texture": "#foliage6-2", "uv": [ 0.0, 0.0, 16.0, 16.0 ], "autoUv": false },
						"east": { "texture": "#leaves1", "uv": [ 0.0, 0.0, 0.3333, 16.0 ], "enabled": false },
						"south": { "texture": "#leaves1", "uv": [ 0.0, 0.0, 16.0, 16.0 ], "enabled": false },
						"west": { "texture": "#leaves1", "uv": [ 0.0, 0.0, 0.3333, 16.0 ], "enabled": false },
						"up": { "texture": "#leaves1", "uv": [ 0.0, 0.0, 16.0, 0.3333 ], "enabled": false },
						"down": { "texture": "#leaves1", "uv": [ 0.0, 0.0, 16.0, 0.3333 ], "enabled": false }
					}
				},
				{
					"name": "face 7",
					"from": [ 0.0, 5.0, 8.0 ], 
					"to": [ 16.0, 21.0, 8.0 ], 
					"shade": false,
					"rotationOrigin": [ 8.0, 5.0, 8.0 ],
					"rotationX": -67.5,
					"rotationY": -135.0,
					"rotationZ": -45.0,
					"faces": {
						"north": { "texture": "#foliage6-2", "uv": [ 0.0, 0.0, 16.0, 16.0 ], "autoUv": false },
						"east": { "texture": "#foliage6", "uv": [ 0.0, 0.0, 0.3333, 16.0 ], "enabled": false },
						"south": { "texture": "#foliage6", "uv": [ 0.0, 0.0, 16.0, 16.0 ], "enabled": false },
						"west": { "texture": "#foliage6", "uv": [ 0.0, 0.0, 0.3333, 16.0 ], "enabled": false },
						"up": { "texture": "#foliage6", "uv": [ 0.0, 0.0, 16.0, 0.3333 ], "enabled": false },
						"down": { "texture": "#foliage6", "uv": [ 0.0, 0.0, 16.0, 0.3333 ], "enabled": false }
					}
				},
				{
					"name": "face 8",
					"from": [ 0.0, 0.0, 8.0 ], 
					"to": [ 16.0, 16.0, 8.0 ], 
					"shade": false,
					"enabled": false,
					"renderInEditor": false,
					"rotationOrigin": [ 8.0, 0.0, 8.0 ],
					"rotationX": -135.0,
					"rotationY": -22.5,
					"rotationZ": -157.5,
					"faces": {
						"north": { "texture": "#foliage6", "uv": [ 0.0, 0.0, 16.0, 16.0 ], "autoUv": false },
						"east": { "texture": "#foliage6", "uv": [ 0.0, 0.0, 0.3333, 16.0 ], "enabled": false },
						"south": { "texture": "#foliage6", "uv": [ 0.0, 0.0, 16.0, 16.0 ], "enabled": false },
						"west": { "texture": "#foliage6", "uv": [ 0.0, 0.0, 0.3333, 16.0 ], "enabled": false },
						"up": { "texture": "#foliage6", "uv": [ 0.0, 0.0, 16.0, 0.3333 ], "enabled": false },
						"down": { "texture": "#foliage6", "uv": [ 0.0, 0.0, 16.0, 0.3333 ], "enabled": false }
					}
				},
				{
					"name": "face 9",
					"from": [ 0.0, 0.0, 8.0 ], 
					"to": [ 16.0, 16.0, 8.0 ], 
					"shade": false,
					"enabled": false,
					"renderInEditor": false,
					"rotationOrigin": [ 8.0, 0.0, 8.0 ],
					"rotationX": -45.0,
					"rotationY": -22.5,
					"rotationZ": -22.5,
					"faces": {
						"north": { "texture": "#foliage6", "uv": [ 0.0, 0.0, 16.0, 16.0 ], "autoUv": false },
						"east": { "texture": "#foliage6", "uv": [ 0.0, 0.0, 0.3333, 16.0 ], "enabled": false },
						"south": { "texture": "#foliage6", "uv": [ 0.0, 0.0, 16.0, 16.0 ], "enabled": false },
						"west": { "texture": "#foliage6", "uv": [ 0.0, 0.0, 0.3333, 16.0 ], "enabled": false },
						"up": { "texture": "#foliage6", "uv": [ 0.0, 0.0, 16.0, 0.3333 ], "enabled": false },
						"down": { "texture": "#foliage6", "uv": [ 0.0, 0.0, 16.0, 0.3333 ], "enabled": false }
					}
				},
				{
					"name": "face 10",
					"from": [ 0.0, 0.0, 8.0 ], 
					"to": [ 16.0, 16.0, 8.0 ], 
					"shade": false,
					"enabled": false,
					"renderInEditor": false,
					"rotationOrigin": [ 8.0, 0.0, 8.0 ],
					"rotationX": 45.0,
					"rotationY": -22.5,
					"rotationZ": 22.5,
					"faces": {
						"north": { "texture": "#foliage6", "uv": [ 0.0, 0.0, 16.0, 16.0 ], "autoUv": false },
						"east": { "texture": "#foliage6", "uv": [ 0.0, 0.0, 0.3333, 16.0 ], "enabled": false },
						"south": { "texture": "#foliage6", "uv": [ 0.0, 0.0, 16.0, 16.0 ], "enabled": false },
						"west": { "texture": "#foliage6", "uv": [ 0.0, 0.0, 0.3333, 16.0 ], "enabled": false },
						"up": { "texture": "#foliage6", "uv": [ 0.0, 0.0, 16.0, 0.3333 ], "enabled": false },
						"down": { "texture": "#foliage6", "uv": [ 0.0, 0.0, 16.0, 0.3333 ], "enabled": false }
					}
				},
				{
					"name": "face 12",
					"from": [ 0.0, 0.0, 8.0 ], 
					"to": [ 16.0, 32.0, 8.0 ], 
					"shade": false,
					"enabled": false,
					"renderInEditor": false,
					"rotationOrigin": [ 8.0, 0.0, 8.0 ],
					"rotationY": -135.0,
					"faces": {
						"north": { "texture": "#normal6-3", "uv": [ 0.0, 0.0, 16.0, 16.0 ], "autoUv": false },
						"east": { "texture": "#foliage62", "uv": [ 0.0, 0.0, 0.3333, 32.0 ], "enabled": false },
						"south": { "texture": "#foliage62", "uv": [ 0.0, 0.0, 16.0, 32.0 ], "enabled": false },
						"west": { "texture": "#foliage62", "uv": [ 0.0, 0.0, 0.3333, 32.0 ], "enabled": false },
						"up": { "texture": "#foliage62", "uv": [ 0.0, 0.0, 16.0, 0.3333 ], "enabled": false },
						"down": { "texture": "#foliage62", "uv": [ 0.0, 0.0, 16.0, 0.3333 ], "enabled": false }
					}
				},
				{
					"name": "face 13",
					"from": [ 0.0, 5.0, 8.0 ], 
					"to": [ 16.0, 21.0, 8.0 ], 
					"shade": false,
					"rotationOrigin": [ 8.0, 5.0, 8.0 ],
					"rotationX": -90.0,
					"rotationY": -22.5,
					"rotationZ": -90.0,
					"faces": {
						"north": { "texture": "#foliage6-2", "uv": [ 0.0, 0.0, 16.0, 16.0 ], "autoUv": false },
						"east": { "texture": "#leaves1", "uv": [ 0.0, 0.0, 0.3333, 16.0 ], "enabled": false },
						"south": { "texture": "#leaves1", "uv": [ 0.0, 0.0, 16.0, 16.0 ], "enabled": false },
						"west": { "texture": "#leaves1", "uv": [ 0.0, 0.0, 0.3333, 16.0 ], "enabled": false },
						"up": { "texture": "#leaves1", "uv": [ 0.0, 0.0, 16.0, 0.3333 ], "enabled": false },
						"down": { "texture": "#leaves1", "uv": [ 0.0, 0.0, 16.0, 0.3333 ], "enabled": false }
					}
				},
				{
					"name": "face 63",
					"from": [ -4.0, 0.0, 8.0 ], 
					"to": [ 20.0, 48.0, 8.0 ], 
					"shade": false,
					"rotationOrigin": [ 8.0, 0.0, 8.0 ],
					"rotationY": -135.0,
					"faces": {
						"north": { "texture": "#normal6-3", "uv": [ 0.0, 0.0, 16.0, 16.0 ], "autoUv": false },
						"east": { "texture": "#foliage62", "uv": [ 0.0, 0.0, 0.3333, 48.0 ], "enabled": false },
						"south": { "texture": "#foliage62", "uv": [ 0.0, 0.0, 24.0, 48.0 ], "enabled": false },
						"west": { "texture": "#foliage62", "uv": [ 0.0, 0.0, 0.3333, 48.0 ], "enabled": false },
						"up": { "texture": "#foliage62", "uv": [ 0.0, 0.0, 24.0, 0.1667 ], "enabled": false },
						"down": { "texture": "#foliage62", "uv": [ 0.0, 0.0, 24.0, 0.1667 ], "enabled": false }
					}
				}
			]
		}
	]}