{
	"editor": {
		"allAngles": false,
		"entityTextureMode": false
	},
	"textureWidth": 16,
	"textureHeight": 16,
	"textureSizes": {
	},
	"textures": {
		"bulb": "block/plant/crop/bellpepper/bulb"
	},
	"elements": [
		{
			"name": "origin",
			"from": [ -7.9, -11.3, -9.3 ], 
			"to": [ -7.9, -11.3, -9.3 ], 
			"rotationOrigin": [ 0.0, 0.0, 0.0 ],
			"rotationY": -90.0,
			"faces": {
				"north": { "texture": "#null", "uv": [ 0.0, 0.0, 0.5, 0.5 ], "enabled": false },
				"east": { "texture": "#null", "uv": [ 0.0, 0.0, 0.5, 0.5 ], "enabled": false },
				"south": { "texture": "#null", "uv": [ 0.0, 0.0, 0.5, 0.5 ], "enabled": false },
				"west": { "texture": "#null", "uv": [ 0.0, 0.0, 0.5, 0.5 ], "enabled": false },
				"up": { "texture": "#null", "uv": [ 0.0, 0.0, 0.5, 0.5 ], "enabled": false },
				"down": { "texture": "#null", "uv": [ 0.0, 0.0, 0.5, 0.5 ], "enabled": false }
			},
			"children": [
				{
					"name": "stage1",
					"from": [ 6.8, 9.7, 8.9 ], 
					"to": [ 7.8, 10.7, 9.9 ], 
					"rotationOrigin": [ 7.3, 11.8, 8.9 ],
					"faces": {
						"north": { "texture": "#bulb", "uv": [ 10.5, 10.0, 11.5, 11.0 ] },
						"east": { "texture": "#bulb", "uv": [ 11.0, 11.0, 12.0, 12.0 ] },
						"south": { "texture": "#bulb", "uv": [ 12.5, 11.0, 13.5, 12.0 ] },
						"west": { "texture": "#bulb", "uv": [ 10.5, 9.0, 11.5, 10.0 ] },
						"up": { "texture": "#bulb", "uv": [ 12.0, 12.0, 13.0, 13.0 ] },
						"down": { "texture": "#bulb", "uv": [ 12.5, 11.0, 13.5, 12.0 ] }
					},
					"children": [
						{
							"name": "stem 55",
							"from": [ 0.3, 0.8, 0.3 ], 
							"to": [ 0.7, 1.8, 0.7 ], 
							"rotationOrigin": [ 0.5, 0.8, 0.5 ],
							"rotationX": -3.0,
							"rotationZ": -36.0,
							"faces": {
								"north": { "texture": "#bulb", "uv": [ 10.5, 8.0, 11.0, 9.0 ] },
								"east": { "texture": "#bulb", "uv": [ 9.5, 8.0, 10.0, 9.0 ] },
								"south": { "texture": "#bulb", "uv": [ 10.5, 8.0, 11.0, 9.0 ] },
								"west": { "texture": "#bulb", "uv": [ 12.0, 8.0, 12.5, 9.0 ] },
								"up": { "texture": "#bulb", "uv": [ 14.0, 8.0, 14.5, 8.5 ] },
								"down": { "texture": "#bulb", "uv": [ 4.0, 11.5, 4.5, 12.0 ], "enabled": false }
							}
						}
					]
				},
				{
					"name": "stage2",
					"from": [ 6.8, 9.7, 8.9 ], 
					"to": [ 7.8, 10.7, 9.9 ], 
					"rotationOrigin": [ 7.3, 11.8, 8.9 ],
					"faces": {
						"north": { "texture": "#bulb", "uv": [ 10.5, 10.0, 11.5, 11.0 ] },
						"east": { "texture": "#bulb", "uv": [ 11.0, 11.0, 12.0, 12.0 ] },
						"south": { "texture": "#bulb", "uv": [ 12.5, 11.0, 13.5, 12.0 ] },
						"west": { "texture": "#bulb", "uv": [ 10.5, 9.0, 11.5, 10.0 ] },
						"up": { "texture": "#bulb", "uv": [ 12.0, 12.0, 13.0, 13.0 ] },
						"down": { "texture": "#bulb", "uv": [ 12.5, 11.0, 13.5, 12.0 ] }
					},
					"children": [
						{
							"name": "stem 55",
							"from": [ 0.3, 0.8, 0.3 ], 
							"to": [ 0.7, 1.8, 0.7 ], 
							"rotationOrigin": [ 0.5, 0.8, 0.5 ],
							"rotationX": -3.0,
							"rotationZ": -36.0,
							"faces": {
								"north": { "texture": "#bulb", "uv": [ 10.5, 8.0, 11.0, 9.0 ] },
								"east": { "texture": "#bulb", "uv": [ 9.5, 8.0, 10.0, 9.0 ] },
								"south": { "texture": "#bulb", "uv": [ 10.5, 8.0, 11.0, 9.0 ] },
								"west": { "texture": "#bulb", "uv": [ 12.0, 8.0, 12.5, 9.0 ] },
								"up": { "texture": "#bulb", "uv": [ 14.0, 8.0, 14.5, 8.5 ] },
								"down": { "texture": "#bulb", "uv": [ 4.0, 11.5, 4.5, 12.0 ], "enabled": false }
							}
						}
					]
				},
				{
					"name": "stage3",
					"from": [ 6.8, 9.7, 8.9 ], 
					"to": [ 7.8, 10.7, 9.9 ], 
					"rotationOrigin": [ 7.3, 11.8, 8.9 ],
					"faces": {
						"north": { "texture": "#bulb", "uv": [ 10.5, 10.0, 11.5, 11.0 ] },
						"east": { "texture": "#bulb", "uv": [ 11.0, 11.0, 12.0, 12.0 ] },
						"south": { "texture": "#bulb", "uv": [ 12.5, 11.0, 13.5, 12.0 ] },
						"west": { "texture": "#bulb", "uv": [ 10.5, 9.0, 11.5, 10.0 ] },
						"up": { "texture": "#bulb", "uv": [ 12.0, 12.0, 13.0, 13.0 ] },
						"down": { "texture": "#bulb", "uv": [ 12.5, 11.0, 13.5, 12.0 ] }
					},
					"children": [
						{
							"name": "side 51",
							"from": [ -0.6, 0.0, 0.6 ], 
							"to": [ 0.4, 1.0, 1.6 ], 
							"rotationOrigin": [ 0.4, 2.0, 0.6 ],
							"rotationX": 13.0,
							"rotationY": 1.0,
							"rotationZ": 13.0,
							"faces": {
								"north": { "texture": "#bulb", "uv": [ 12.0, 10.0, 13.0, 11.0 ] },
								"east": { "texture": "#bulb", "uv": [ 11.5, 12.5, 12.5, 13.5 ] },
								"south": { "texture": "#bulb", "uv": [ 9.0, 10.5, 10.0, 11.5 ] },
								"west": { "texture": "#bulb", "uv": [ 12.5, 11.0, 13.5, 12.0 ] },
								"up": { "texture": "#bulb", "uv": [ 10.0, 11.0, 11.0, 12.0 ] },
								"down": { "texture": "#bulb", "uv": [ 10.5, 10.5, 11.5, 11.5 ] }
							}
						},
						{
							"name": "side 52",
							"from": [ 0.6, -0.1, 0.6 ], 
							"to": [ 1.6, 0.9, 1.6 ], 
							"rotationOrigin": [ 0.6, 1.9, 0.6 ],
							"rotationX": 13.0,
							"rotationY": 1.067216999217635E-7,
							"rotationZ": -13.0,
							"faces": {
								"north": { "texture": "#bulb", "uv": [ 10.0, 10.5, 11.0, 11.5 ] },
								"east": { "texture": "#bulb", "uv": [ 12.0, 11.0, 13.0, 12.0 ] },
								"south": { "texture": "#bulb", "uv": [ 12.0, 11.5, 13.0, 12.5 ] },
								"west": { "texture": "#bulb", "uv": [ 10.5, 11.5, 11.5, 12.5 ] },
								"up": { "texture": "#bulb", "uv": [ 11.0, 12.0, 12.0, 13.0 ] },
								"down": { "texture": "#bulb", "uv": [ 11.0, 11.5, 12.0, 12.5 ] }
							}
						},
						{
							"name": "side 53",
							"from": [ 0.6, 0.0, -0.6 ], 
							"to": [ 1.6, 1.0, 0.4 ], 
							"rotationOrigin": [ 0.6, 2.0, 0.4 ],
							"rotationX": -13.0,
							"rotationY": 1.0,
							"rotationZ": -13.0,
							"faces": {
								"north": { "texture": "#bulb", "uv": [ 10.0, 10.5, 11.0, 11.5 ] },
								"east": { "texture": "#bulb", "uv": [ 12.0, 10.5, 13.0, 11.5 ] },
								"south": { "texture": "#bulb", "uv": [ 11.0, 10.5, 12.0, 11.5 ] },
								"west": { "texture": "#bulb", "uv": [ 11.5, 12.0, 12.5, 13.0 ] },
								"up": { "texture": "#bulb", "uv": [ 11.0, 11.0, 12.0, 12.0 ] },
								"down": { "texture": "#bulb", "uv": [ 11.5, 11.5, 12.5, 12.5 ] }
							}
						},
						{
							"name": "side 54",
							"from": [ -0.6, -0.1, -0.6 ], 
							"to": [ 0.4, 0.9, 0.4 ], 
							"rotationOrigin": [ 0.4, 1.9, 0.4 ],
							"rotationX": -13.0,
							"rotationY": 1.067216999217635E-7,
							"rotationZ": 13.0,
							"faces": {
								"north": { "texture": "#bulb", "uv": [ 10.5, 9.0, 11.5, 10.0 ] },
								"east": { "texture": "#bulb", "uv": [ 10.5, 11.0, 11.5, 12.0 ] },
								"south": { "texture": "#bulb", "uv": [ 12.0, 10.5, 13.0, 11.5 ] },
								"west": { "texture": "#bulb", "uv": [ 13.5, 12.5, 14.5, 13.5 ] },
								"up": { "texture": "#bulb", "uv": [ 12.5, 12.5, 13.5, 13.5 ] },
								"down": { "texture": "#bulb", "uv": [ 12.0, 10.0, 13.0, 11.0 ] }
							}
						},
						{
							"name": "stem 55",
							"from": [ 0.3, 0.8, 0.3 ], 
							"to": [ 0.7, 1.8, 0.7 ], 
							"rotationOrigin": [ 0.5, 0.8, 0.5 ],
							"rotationX": -3.0,
							"rotationZ": -36.0,
							"faces": {
								"north": { "texture": "#bulb", "uv": [ 10.5, 8.0, 11.0, 9.0 ] },
								"east": { "texture": "#bulb", "uv": [ 9.5, 8.0, 10.0, 9.0 ] },
								"south": { "texture": "#bulb", "uv": [ 10.5, 8.0, 11.0, 9.0 ] },
								"west": { "texture": "#bulb", "uv": [ 12.0, 8.0, 12.5, 9.0 ] },
								"up": { "texture": "#bulb", "uv": [ 14.0, 8.0, 14.5, 8.5 ] },
								"down": { "texture": "#bulb", "uv": [ 4.0, 11.5, 4.5, 12.0 ], "enabled": false }
							}
						}
					]
				},
				{
					"name": "stage4",
					"from": [ 6.5, 9.1, 8.9 ], 
					"to": [ 7.5, 10.6, 9.9 ], 
					"rotationOrigin": [ 7.0, 11.2, 8.9 ],
					"faces": {
						"north": { "texture": "#bulb", "uv": [ 10.5, 10.0, 11.5, 11.5 ] },
						"east": { "texture": "#bulb", "uv": [ 11.0, 11.0, 12.0, 12.5 ] },
						"south": { "texture": "#bulb", "uv": [ 12.5, 11.0, 13.5, 12.5 ] },
						"west": { "texture": "#bulb", "uv": [ 10.5, 9.0, 11.5, 10.5 ] },
						"up": { "texture": "#bulb", "uv": [ 12.0, 12.0, 13.0, 13.0 ] },
						"down": { "texture": "#bulb", "uv": [ 12.5, 11.0, 13.5, 12.0 ] }
					},
					"children": [
						{
							"name": "side 51",
							"from": [ -0.8, -0.2, 0.8 ], 
							"to": [ 0.2, 1.3, 1.8 ], 
							"rotationOrigin": [ 0.2, 2.3, 0.8 ],
							"rotationX": 13.0,
							"rotationY": 1.0,
							"rotationZ": 13.0,
							"faces": {
								"north": { "texture": "#bulb", "uv": [ 12.0, 10.0, 13.0, 11.5 ] },
								"east": { "texture": "#bulb", "uv": [ 11.5, 12.5, 12.5, 14.0 ] },
								"south": { "texture": "#bulb", "uv": [ 9.0, 10.5, 10.0, 12.0 ] },
								"west": { "texture": "#bulb", "uv": [ 12.5, 11.0, 13.5, 12.5 ] },
								"up": { "texture": "#bulb", "uv": [ 10.0, 11.0, 11.0, 12.0 ] },
								"down": { "texture": "#bulb", "uv": [ 10.5, 10.5, 11.5, 11.5 ] }
							}
						},
						{
							"name": "side 52",
							"from": [ 0.8, -0.2, 0.8 ], 
							"to": [ 1.8, 1.3, 1.8 ], 
							"rotationOrigin": [ 0.8, 2.3, 0.8 ],
							"rotationX": 13.0,
							"rotationZ": -13.0,
							"faces": {
								"north": { "texture": "#bulb", "uv": [ 10.0, 10.5, 11.0, 12.0 ] },
								"east": { "texture": "#bulb", "uv": [ 12.0, 11.0, 13.0, 12.5 ] },
								"south": { "texture": "#bulb", "uv": [ 12.0, 11.5, 13.0, 13.0 ] },
								"west": { "texture": "#bulb", "uv": [ 10.5, 11.5, 11.5, 13.0 ] },
								"up": { "texture": "#bulb", "uv": [ 11.0, 12.0, 12.0, 13.0 ] },
								"down": { "texture": "#bulb", "uv": [ 11.0, 11.5, 12.0, 12.5 ] }
							}
						},
						{
							"name": "side 53",
							"from": [ 0.8, -0.2, -0.9 ], 
							"to": [ 1.8, 1.3, 0.1 ], 
							"rotationOrigin": [ 0.8, 2.3, 0.1 ],
							"rotationX": -13.0,
							"rotationY": 1.0,
							"rotationZ": -13.0,
							"faces": {
								"north": { "texture": "#bulb", "uv": [ 10.0, 10.5, 11.0, 12.0 ] },
								"east": { "texture": "#bulb", "uv": [ 12.0, 10.5, 13.0, 12.0 ] },
								"south": { "texture": "#bulb", "uv": [ 11.0, 10.5, 12.0, 12.0 ] },
								"west": { "texture": "#bulb", "uv": [ 11.5, 12.0, 12.5, 13.5 ] },
								"up": { "texture": "#bulb", "uv": [ 11.0, 11.0, 12.0, 12.0 ] },
								"down": { "texture": "#bulb", "uv": [ 11.5, 11.5, 12.5, 12.5 ] }
							}
						},
						{
							"name": "side 54",
							"from": [ -0.8, -0.2, -0.9 ], 
							"to": [ 0.2, 1.3, 0.1 ], 
							"rotationOrigin": [ 0.2, 2.3, 0.1 ],
							"rotationX": -13.0,
							"rotationZ": 13.0,
							"faces": {
								"north": { "texture": "#bulb", "uv": [ 10.5, 9.0, 11.5, 10.5 ] },
								"east": { "texture": "#bulb", "uv": [ 10.5, 11.0, 11.5, 12.5 ] },
								"south": { "texture": "#bulb", "uv": [ 12.0, 10.5, 13.0, 12.0 ] },
								"west": { "texture": "#bulb", "uv": [ 13.5, 12.5, 14.5, 14.0 ] },
								"up": { "texture": "#bulb", "uv": [ 12.5, 12.5, 13.5, 13.5 ] },
								"down": { "texture": "#bulb", "uv": [ 12.0, 10.0, 13.0, 11.0 ] }
							}
						},
						{
							"name": "stem 55",
							"from": [ 0.3, 1.0, 0.3 ], 
							"to": [ 0.7, 2.5, 0.7 ], 
							"rotationOrigin": [ 0.5, 1.0, 0.5 ],
							"rotationX": -3.0,
							"rotationZ": -36.0,
							"faces": {
								"north": { "texture": "#bulb", "uv": [ 10.5, 8.0, 11.0, 9.5 ] },
								"east": { "texture": "#bulb", "uv": [ 9.5, 8.0, 10.0, 9.5 ] },
								"south": { "texture": "#bulb", "uv": [ 10.5, 8.0, 11.0, 9.5 ] },
								"west": { "texture": "#bulb", "uv": [ 12.0, 8.0, 12.5, 9.5 ] },
								"up": { "texture": "#bulb", "uv": [ 14.0, 8.0, 14.5, 8.5 ] },
								"down": { "texture": "#bulb", "uv": [ 4.0, 11.5, 4.5, 12.0 ], "enabled": false }
							}
						}
					]
				},
				{
					"name": "stage5",
					"from": [ 6.5, 9.1, 8.9 ], 
					"to": [ 7.5, 10.6, 9.9 ], 
					"rotationOrigin": [ 7.0, 11.2, 8.9 ],
					"faces": {
						"north": { "texture": "#bulb", "uv": [ 1.0, 1.0, 2.0, 2.5 ] },
						"east": { "texture": "#bulb", "uv": [ 2.5, 0.5, 3.5, 2.0 ] },
						"south": { "texture": "#bulb", "uv": [ 4.0, 1.0, 5.0, 2.5 ] },
						"west": { "texture": "#bulb", "uv": [ 6.0, 0.5, 7.0, 2.0 ] },
						"up": { "texture": "#bulb", "uv": [ 5.5, 0.5, 6.5, 1.5 ] },
						"down": { "texture": "#bulb", "uv": [ 4.5, 5.0, 5.5, 6.0 ] }
					},
					"children": [
						{
							"name": "side 51",
							"from": [ -0.8, -0.2, 0.8 ], 
							"to": [ 0.2, 1.3, 1.8 ], 
							"rotationOrigin": [ 0.2, 2.3, 0.8 ],
							"rotationX": 13.0,
							"rotationY": 1.0,
							"rotationZ": 13.0,
							"faces": {
								"north": { "texture": "#bulb", "uv": [ 2.0, 1.0, 3.0, 2.5 ] },
								"east": { "texture": "#bulb", "uv": [ 5.0, 1.0, 6.0, 2.5 ] },
								"south": { "texture": "#bulb", "uv": [ 1.5, 1.0, 2.5, 2.5 ] },
								"west": { "texture": "#bulb", "uv": [ 3.0, 1.0, 4.0, 2.5 ] },
								"up": { "texture": "#bulb", "uv": [ 4.5, 1.0, 5.5, 2.0 ] },
								"down": { "texture": "#bulb", "uv": [ 1.0, 2.5, 2.0, 3.5 ] }
							}
						},
						{
							"name": "side 52",
							"from": [ 0.8, -0.2, 0.8 ], 
							"to": [ 1.8, 1.3, 1.8 ], 
							"rotationOrigin": [ 0.8, 2.3, 0.8 ],
							"rotationX": 13.0,
							"rotationZ": -13.0,
							"faces": {
								"north": { "texture": "#bulb", "uv": [ 4.0, 5.0, 5.0, 6.5 ] },
								"east": { "texture": "#bulb", "uv": [ 4.5, 1.5, 5.5, 3.0 ] },
								"south": { "texture": "#bulb", "uv": [ 4.5, 1.5, 5.5, 3.0 ] },
								"west": { "texture": "#bulb", "uv": [ 4.5, 4.0, 5.5, 5.5 ] },
								"up": { "texture": "#bulb", "uv": [ 2.5, 1.0, 3.5, 2.0 ] },
								"down": { "texture": "#bulb", "uv": [ 0.5, 5.0, 1.5, 6.0 ] }
							}
						},
						{
							"name": "side 53",
							"from": [ 0.8, -0.2, -0.9 ], 
							"to": [ 1.8, 1.3, 0.1 ], 
							"rotationOrigin": [ 0.8, 2.3, 0.1 ],
							"rotationX": -13.0,
							"rotationY": 1.0,
							"rotationZ": -13.0,
							"faces": {
								"north": { "texture": "#bulb", "uv": [ 0.5, 1.5, 1.5, 3.0 ] },
								"east": { "texture": "#bulb", "uv": [ 3.0, 1.0, 4.0, 2.5 ] },
								"south": { "texture": "#bulb", "uv": [ 3.5, 1.5, 4.5, 3.0 ] },
								"west": { "texture": "#bulb", "uv": [ 5.5, 1.0, 6.5, 2.5 ] },
								"up": { "texture": "#bulb", "uv": [ 0.5, 1.0, 1.5, 2.0 ] },
								"down": { "texture": "#bulb", "uv": [ 1.5, 2.0, 2.5, 3.0 ] }
							}
						},
						{
							"name": "side 54",
							"from": [ -0.8, -0.2, -0.9 ], 
							"to": [ 0.2, 1.3, 0.1 ], 
							"rotationOrigin": [ 0.2, 2.3, 0.1 ],
							"rotationX": -13.0,
							"rotationZ": 13.0,
							"faces": {
								"north": { "texture": "#bulb", "uv": [ 3.5, 1.5, 4.5, 3.0 ] },
								"east": { "texture": "#bulb", "uv": [ 4.5, 1.5, 5.5, 3.0 ] },
								"south": { "texture": "#bulb", "uv": [ 3.0, 2.0, 4.0, 3.5 ] },
								"west": { "texture": "#bulb", "uv": [ 3.5, 1.5, 4.5, 3.0 ] },
								"up": { "texture": "#bulb", "uv": [ 2.5, 1.0, 3.5, 2.0 ] },
								"down": { "texture": "#bulb", "uv": [ 7.0, 4.5, 8.0, 5.5 ] }
							}
						},
						{
							"name": "stem 55",
							"from": [ 0.3, 1.0, 0.3 ], 
							"to": [ 0.7, 2.5, 0.7 ], 
							"rotationOrigin": [ 0.5, 1.0, 0.5 ],
							"rotationX": -3.0,
							"rotationZ": -36.0,
							"faces": {
								"north": { "texture": "#bulb", "uv": [ 0.0, 0.0, 0.5, 1.5 ] },
								"east": { "texture": "#bulb", "uv": [ 6.5, 0.0, 7.0, 1.5 ] },
								"south": { "texture": "#bulb", "uv": [ 2.0, 0.0, 2.5, 1.5 ] },
								"west": { "texture": "#bulb", "uv": [ 5.5, 0.0, 6.0, 1.5 ] },
								"up": { "texture": "#bulb", "uv": [ 3.5, 0.0, 4.0, 0.5 ] },
								"down": { "texture": "#bulb", "uv": [ 4.0, 11.5, 4.5, 12.0 ], "enabled": false }
							}
						}
					]
				},
				{
					"name": "stage6",
					"from": [ 6.5, 9.1, 8.9 ], 
					"to": [ 7.5, 10.6, 9.9 ], 
					"rotationOrigin": [ 7.0, 11.2, 8.9 ],
					"faces": {
						"north": { "texture": "#bulb", "uv": [ 10.0, 1.0, 11.0, 2.5 ] },
						"east": { "texture": "#bulb", "uv": [ 9.5, 1.5, 10.5, 3.0 ] },
						"south": { "texture": "#bulb", "uv": [ 10.5, 1.5, 11.5, 3.0 ] },
						"west": { "texture": "#bulb", "uv": [ 9.0, 1.0, 10.0, 2.5 ] },
						"up": { "texture": "#bulb", "uv": [ 9.5, 1.0, 10.5, 2.0 ] },
						"down": { "texture": "#bulb", "uv": [ 9.5, 1.0, 10.5, 2.0 ] }
					},
					"children": [
						{
							"name": "side 51",
							"from": [ -0.8, -0.2, 0.8 ], 
							"to": [ 0.2, 1.3, 1.8 ], 
							"rotationOrigin": [ 0.2, 2.3, 0.8 ],
							"rotationX": 13.0,
							"rotationY": 1.0,
							"rotationZ": 13.0,
							"faces": {
								"north": { "texture": "#bulb", "uv": [ 9.0, 1.5, 10.0, 3.0 ] },
								"east": { "texture": "#bulb", "uv": [ 13.0, 1.5, 14.0, 3.0 ] },
								"south": { "texture": "#bulb", "uv": [ 10.0, 1.5, 11.0, 3.0 ] },
								"west": { "texture": "#bulb", "uv": [ 10.5, 1.5, 11.5, 3.0 ] },
								"up": { "texture": "#bulb", "uv": [ 9.5, 1.5, 10.5, 2.5 ] },
								"down": { "texture": "#bulb", "uv": [ 9.5, 4.5, 10.5, 5.5 ] }
							}
						},
						{
							"name": "side 52",
							"from": [ 0.8, -0.2, 0.8 ], 
							"to": [ 1.8, 1.3, 1.8 ], 
							"rotationOrigin": [ 0.8, 2.3, 0.8 ],
							"rotationX": 13.0,
							"rotationY": 1.067216999217635E-7,
							"rotationZ": -13.0,
							"faces": {
								"north": { "texture": "#bulb", "uv": [ 13.5, 3.5, 14.5, 5.0 ] },
								"east": { "texture": "#bulb", "uv": [ 13.0, 3.0, 14.0, 4.5 ] },
								"south": { "texture": "#bulb", "uv": [ 13.0, 3.0, 14.0, 4.5 ] },
								"west": { "texture": "#bulb", "uv": [ 14.0, 3.0, 15.0, 4.5 ] },
								"up": { "texture": "#bulb", "uv": [ 10.0, 2.0, 11.0, 3.0 ] },
								"down": { "texture": "#bulb", "uv": [ 11.5, 3.0, 12.5, 4.0 ] }
							}
						},
						{
							"name": "side 53",
							"from": [ 0.8, -0.2, -0.9 ], 
							"to": [ 1.8, 1.3, 0.1 ], 
							"rotationOrigin": [ 0.8, 2.3, 0.1 ],
							"rotationX": -13.0,
							"rotationY": 1.0,
							"rotationZ": -13.0,
							"faces": {
								"north": { "texture": "#bulb", "uv": [ 10.0, 1.5, 11.0, 3.0 ] },
								"east": { "texture": "#bulb", "uv": [ 9.5, 1.0, 10.5, 2.5 ] },
								"south": { "texture": "#bulb", "uv": [ 10.0, 2.0, 11.0, 3.5 ] },
								"west": { "texture": "#bulb", "uv": [ 10.5, 1.0, 11.5, 2.5 ] },
								"up": { "texture": "#bulb", "uv": [ 10.0, 1.0, 11.0, 2.0 ] },
								"down": { "texture": "#bulb", "uv": [ 11.5, 2.5, 12.5, 3.5 ] }
							}
						},
						{
							"name": "side 54",
							"from": [ -0.8, -0.2, -0.9 ], 
							"to": [ 0.2, 1.3, 0.1 ], 
							"rotationOrigin": [ 0.2, 2.3, 0.1 ],
							"rotationX": -13.0,
							"rotationZ": 13.0,
							"faces": {
								"north": { "texture": "#bulb", "uv": [ 11.0, 3.0, 12.0, 4.5 ] },
								"east": { "texture": "#bulb", "uv": [ 11.5, 2.0, 12.5, 3.5 ] },
								"south": { "texture": "#bulb", "uv": [ 11.0, 2.0, 12.0, 3.5 ] },
								"west": { "texture": "#bulb", "uv": [ 12.5, 2.5, 13.5, 4.0 ] },
								"up": { "texture": "#bulb", "uv": [ 9.0, 1.5, 10.0, 2.5 ] },
								"down": { "texture": "#bulb", "uv": [ 11.5, 2.5, 12.5, 3.5 ] }
							}
						},
						{
							"name": "stem 55",
							"from": [ 0.3, 1.0, 0.3 ], 
							"to": [ 0.7, 2.5, 0.7 ], 
							"rotationOrigin": [ 0.5, 1.0, 0.5 ],
							"rotationX": -3.0,
							"rotationZ": -36.0,
							"faces": {
								"north": { "texture": "#bulb", "uv": [ 10.5, 2.0, 11.0, 3.5 ] },
								"east": { "texture": "#bulb", "uv": [ 10.5, 1.0, 11.0, 2.5 ] },
								"south": { "texture": "#bulb", "uv": [ 10.5, 1.0, 11.0, 2.5 ] },
								"west": { "texture": "#bulb", "uv": [ 10.5, 1.5, 11.0, 3.0 ] },
								"up": { "texture": "#bulb", "uv": [ 10.5, 1.5, 11.0, 2.0 ] },
								"down": { "texture": "#bulb", "uv": [ 4.0, 11.5, 4.5, 12.0 ], "enabled": false }
							}
						}
					]
				}
			]
		}
	]}