{
	"editor": {
		"allAngles": true,
		"entityTextureMode": false
	},
	"textureWidth": 16,
	"textureHeight": 16,
	"textureSizes": {
	},
	"textures": {
		"corn1": "morecropsfix:block/plant/crop/corn/corn1"
	},
	"elements": [
		{
			"name": "origin",
			"from": [ 8.0, 0.0, 8.0 ], 
			"to": [ 8.0, 0.0, 8.0 ], 
			"rotationOrigin": [ 8.0, 0.0, 8.0 ],
			"faces": {
				"north": { "texture": "#corn1", "uv": [ 0.0, 0.0, 0.5, 0.5 ], "enabled": false },
				"east": { "texture": "#corn1", "uv": [ 0.0, 0.0, 0.5, 0.5 ], "enabled": false },
				"south": { "texture": "#corn1", "uv": [ 0.0, 0.0, 0.5, 0.5 ], "enabled": false },
				"west": { "texture": "#corn1", "uv": [ 0.0, 0.0, 0.5, 0.5 ], "enabled": false },
				"up": { "texture": "#corn1", "uv": [ 0.0, 0.0, 0.5, 0.5 ], "enabled": false },
				"down": { "texture": "#corn1", "uv": [ 0.0, 0.0, 0.5, 0.5 ], "enabled": false }
			},
			"children": [
				{
					"name": "stemdown",
					"from": [ -4.1, -0.1, -4.1 ], 
					"to": [ -3.8, 3.9, -3.8 ], 
					"rotationOrigin": [ -4.0, -0.1, -4.0 ],
					"rotationY": -45.0,
					"faces": {
						"north": { "texture": "#corn1", "uv": [ 0.0, 0.0, 0.5, 4.0 ], "windMode": [0,1,1,0] },
						"east": { "texture": "#corn1", "uv": [ 0.0, 0.0, 0.5, 4.0 ], "windMode": [0,1,1,0] },
						"south": { "texture": "#corn1", "uv": [ 1.0, 0.0, 1.5, 4.0 ], "windMode": [0,0,1,1] },
						"west": { "texture": "#corn1", "uv": [ 0.0, 0.0, 0.5, 4.0 ], "windMode": [0,0,1,1] },
						"up": { "texture": "#corn1", "uv": [ 0.0, 0.0, 0.5, 0.5 ], "windMode": [1,1,1,1] },
						"down": { "texture": "#corn1", "uv": [ 0.5, 14.5, 1.0, 15.0 ], "enabled": false }
					},
					"children": [
						{
							"name": "Leaf1",
							"from": [ -0.8, 2.0, -2.3 ], 
							"to": [ 1.2, 2.0, 0.2 ], 
							"shade": false,
							"renderPass": 2,
							"rotationOrigin": [ 0.1, 2.0, 0.0 ],
							"rotationX": 55.0,
							"faces": {
								"north": { "texture": "#corn1", "uv": [ 0.0, 0.0, 2.0, 0.5 ], "enabled": false },
								"east": { "texture": "#corn1", "uv": [ 0.0, 0.0, 2.5, 0.5 ], "enabled": false },
								"south": { "texture": "#corn1", "uv": [ 0.0, 0.0, 2.0, 0.5 ], "enabled": false },
								"west": { "texture": "#corn1", "uv": [ 0.0, 0.0, 2.5, 0.5 ], "enabled": false },
								"up": { "texture": "#corn1", "uv": [ 12.0, 5.5, 14.0, 8.0 ], "windMode": [1,7,7,1] },
								"down": { "texture": "#corn1", "uv": [ 0.0, 0.0, 2.0, 2.5 ], "enabled": false }
							}
						},
						{
							"name": "Leaf3",
							"from": [ -1.0, 1.0, -2.6 ], 
							"to": [ 1.0, 1.0, -0.1 ], 
							"shade": false,
							"renderPass": 2,
							"rotationOrigin": [ 0.1, 1.0, 0.0 ],
							"rotationX": -44.0,
							"rotationY": -172.0,
							"faces": {
								"north": { "texture": "#corn1", "uv": [ 0.0, 0.0, 2.0, 0.5 ], "enabled": false },
								"east": { "texture": "#corn1", "uv": [ 0.0, 0.0, 2.5, 0.5 ], "enabled": false },
								"south": { "texture": "#corn1", "uv": [ 0.0, 0.0, 2.0, 0.5 ], "enabled": false },
								"west": { "texture": "#corn1", "uv": [ 0.0, 0.0, 2.5, 0.5 ], "enabled": false },
								"up": { "texture": "#corn1", "uv": [ 12.0, 5.5, 14.0, 8.0 ], "windMode": [1,0,1,1] },
								"down": { "texture": "#corn1", "uv": [ 0.0, 0.0, 2.0, 2.5 ], "enabled": false }
							}
						},
						{
							"name": "Leaf4",
							"from": [ -1.2, 3.0, -2.7 ], 
							"to": [ 0.8, 3.0, -0.2 ], 
							"shade": false,
							"renderPass": 2,
							"rotationOrigin": [ 0.0, 3.0, 0.0 ],
							"rotationX": -53.0,
							"rotationY": 180.0,
							"rotationZ": 14.0,
							"faces": {
								"north": { "texture": "#corn1", "uv": [ 0.0, 0.0, 2.0, 0.5 ], "enabled": false },
								"east": { "texture": "#corn1", "uv": [ 0.0, 0.0, 2.5, 0.5 ], "enabled": false },
								"south": { "texture": "#corn1", "uv": [ 0.0, 0.0, 2.0, 0.5 ], "enabled": false },
								"west": { "texture": "#corn1", "uv": [ 0.0, 0.0, 2.5, 0.5 ], "enabled": false },
								"up": { "texture": "#corn1", "uv": [ 12.0, 5.5, 14.0, 8.0 ], "windMode": [1,7,7,1] },
								"down": { "texture": "#corn1", "uv": [ 0.0, 0.0, 2.0, 2.5 ], "enabled": false }
							}
						},
						{
							"name": "Leaf5",
							"from": [ -1.8, 3.4, -0.3 ], 
							"to": [ 0.2, 3.4, 2.2 ], 
							"shade": false,
							"renderPass": 2,
							"rotationOrigin": [ 0.1, 3.4, 1.3 ],
							"rotationX": -55.0,
							"rotationY": -135.0,
							"rotationZ": -39.0,
							"faces": {
								"north": { "texture": "#corn1", "uv": [ 0.0, 0.0, 2.0, 0.5 ], "enabled": false },
								"east": { "texture": "#corn1", "uv": [ 0.0, 0.0, 2.5, 0.5 ], "enabled": false },
								"south": { "texture": "#corn1", "uv": [ 0.0, 0.0, 2.0, 0.5 ], "enabled": false },
								"west": { "texture": "#corn1", "uv": [ 0.0, 0.0, 2.5, 0.5 ], "enabled": false },
								"up": { "texture": "#corn1", "uv": [ 12.0, 5.5, 14.0, 8.0 ], "windMode": [1,7,7,1] },
								"down": { "texture": "#corn1", "uv": [ 0.0, 0.0, 2.0, 2.5 ], "enabled": false }
							}
						},
						{
							"name": "Leaf6",
							"from": [ -1.0, 3.8, -2.0 ], 
							"to": [ 1.0, 3.8, 0.5 ], 
							"shade": false,
							"renderPass": 2,
							"rotationOrigin": [ 0.0, 3.8, 0.2 ],
							"rotationX": 55.0,
							"rotationY": 6.0,
							"rotationZ": -8.0,
							"faces": {
								"north": { "texture": "#corn1", "uv": [ 0.0, 0.0, 2.0, 0.5 ], "enabled": false },
								"east": { "texture": "#corn1", "uv": [ 0.0, 0.0, 2.5, 0.5 ], "enabled": false },
								"south": { "texture": "#corn1", "uv": [ 0.0, 0.0, 2.0, 0.5 ], "enabled": false },
								"west": { "texture": "#corn1", "uv": [ 0.0, 0.0, 2.5, 0.5 ], "enabled": false },
								"up": { "texture": "#corn1", "uv": [ 12.0, 5.5, 14.0, 8.0 ], "windMode": [1,7,7,1] },
								"down": { "texture": "#corn1", "uv": [ 0.0, 0.0, 2.0, 2.5 ], "enabled": false }
							}
						}
					]
				},
				{
					"name": "stemdown15",
					"from": [ 4.8, -0.3, -4.1 ], 
					"to": [ 5.1, 3.7, -3.8 ], 
					"rotationOrigin": [ 5.0, -0.3, -4.0 ],
					"rotationX": 1.0,
					"rotationY": -42.0,
					"faces": {
						"north": { "texture": "#corn1", "uv": [ 0.0, 0.0, 0.5, 4.0 ], "windMode": [0,1,1,0] },
						"east": { "texture": "#corn1", "uv": [ 0.0, 0.0, 0.5, 4.0 ], "windMode": [0,1,1,0] },
						"south": { "texture": "#corn1", "uv": [ 0.0, 0.0, 0.5, 4.0 ], "windMode": [0,0,1,1] },
						"west": { "texture": "#corn1", "uv": [ 0.0, 0.0, 0.5, 4.0 ], "windMode": [0,0,1,1] },
						"up": { "texture": "#corn1", "uv": [ 0.0, 0.0, 0.5, 0.5 ], "windMode": [1,1,1,1] },
						"down": { "texture": "#corn1", "uv": [ 0.5, 14.5, 1.0, 15.0 ], "enabled": false }
					},
					"children": [
						{
							"name": "Leaf22",
							"from": [ -0.8, 2.0, -2.2 ], 
							"to": [ 1.2, 2.0, 0.3 ], 
							"shade": false,
							"renderPass": 2,
							"rotationOrigin": [ 0.2, 2.2, 0.3 ],
							"rotationX": 50.0,
							"rotationZ": 4.0,
							"faces": {
								"north": { "texture": "#corn1", "uv": [ 0.0, 0.0, 2.0, 0.5 ], "enabled": false },
								"east": { "texture": "#corn1", "uv": [ 0.0, 0.0, 2.5, 0.5 ], "enabled": false },
								"south": { "texture": "#corn1", "uv": [ 0.0, 0.0, 2.0, 0.5 ], "enabled": false },
								"west": { "texture": "#corn1", "uv": [ 0.0, 0.0, 2.5, 0.5 ], "enabled": false },
								"up": { "texture": "#corn1", "uv": [ 12.0, 5.5, 14.0, 8.0 ], "windMode": [1,7,7,1] },
								"down": { "texture": "#corn1", "uv": [ 0.0, 0.0, 2.0, 2.5 ], "enabled": false }
							}
						},
						{
							"name": "Leaf23",
							"from": [ -0.8, 3.0, -2.4 ], 
							"to": [ 1.2, 3.0, 0.1 ], 
							"shade": false,
							"renderPass": 2,
							"rotationOrigin": [ 0.2, 3.0, 0.1 ],
							"rotationX": 61.0,
							"rotationY": 25.0,
							"rotationZ": -28.0,
							"faces": {
								"north": { "texture": "#corn1", "uv": [ 0.0, 0.0, 2.0, 0.5 ], "enabled": false },
								"east": { "texture": "#corn1", "uv": [ 0.0, 0.0, 2.5, 0.5 ], "enabled": false },
								"south": { "texture": "#corn1", "uv": [ 0.0, 0.0, 2.0, 0.5 ], "enabled": false },
								"west": { "texture": "#corn1", "uv": [ 0.0, 0.0, 2.5, 0.5 ], "enabled": false },
								"up": { "texture": "#corn1", "uv": [ 12.0, 5.5, 14.0, 8.0 ], "windMode": [1,7,7,1] },
								"down": { "texture": "#corn1", "uv": [ 0.0, 0.0, 2.0, 2.5 ], "enabled": false }
							}
						},
						{
							"name": "Leaf24",
							"from": [ -0.7, 1.4, -2.6 ], 
							"to": [ 1.3, 1.4, -0.1 ], 
							"shade": false,
							"renderPass": 2,
							"rotationOrigin": [ 0.3, 1.4, 0.0 ],
							"rotationX": -80.0,
							"rotationY": -130.0,
							"rotationZ": -91.0,
							"faces": {
								"north": { "texture": "#corn1", "uv": [ 0.0, 0.0, 2.0, 0.5 ], "enabled": false },
								"east": { "texture": "#corn1", "uv": [ 0.0, 0.0, 2.5, 0.5 ], "enabled": false },
								"south": { "texture": "#corn1", "uv": [ 0.0, 0.0, 2.0, 0.5 ], "enabled": false },
								"west": { "texture": "#corn1", "uv": [ 0.0, 0.0, 2.5, 0.5 ], "enabled": false },
								"up": { "texture": "#corn1", "uv": [ 12.0, 5.5, 14.0, 8.0 ], "windMode": [1,0,1,1] },
								"down": { "texture": "#corn1", "uv": [ 0.0, 0.0, 2.0, 2.5 ], "enabled": false }
							}
						},
						{
							"name": "Leaf25",
							"from": [ -1.0, 2.4, -2.3 ], 
							"to": [ 1.0, 2.4, 0.2 ], 
							"shade": false,
							"renderPass": 2,
							"rotationOrigin": [ 0.0, 2.4, 0.2 ],
							"rotationX": -55.0,
							"rotationY": 163.0,
							"rotationZ": 19.0,
							"faces": {
								"north": { "texture": "#corn1", "uv": [ 0.0, 0.0, 2.0, 0.5 ], "enabled": false },
								"east": { "texture": "#corn1", "uv": [ 0.0, 0.0, 2.5, 0.5 ], "enabled": false },
								"south": { "texture": "#corn1", "uv": [ 0.0, 0.0, 2.0, 0.5 ], "enabled": false },
								"west": { "texture": "#corn1", "uv": [ 0.0, 0.0, 2.5, 0.5 ], "enabled": false },
								"up": { "texture": "#corn1", "uv": [ 12.0, 5.5, 14.0, 8.0 ], "windMode": [1,7,7,1] },
								"down": { "texture": "#corn1", "uv": [ 0.0, 0.0, 2.0, 2.5 ], "enabled": false }
							}
						},
						{
							"name": "Leaf26",
							"from": [ -1.0, 3.7, -2.7 ], 
							"to": [ 1.0, 3.7, -0.2 ], 
							"shade": false,
							"renderPass": 2,
							"rotationOrigin": [ 0.0, 3.7, 0.0 ],
							"rotationX": -66.0,
							"rotationY": -150.0,
							"rotationZ": -66.0,
							"faces": {
								"north": { "texture": "#corn1", "uv": [ 0.0, 0.0, 2.0, 0.5 ], "enabled": false },
								"east": { "texture": "#corn1", "uv": [ 0.0, 0.0, 2.5, 0.5 ], "enabled": false },
								"south": { "texture": "#corn1", "uv": [ 0.0, 0.0, 2.0, 0.5 ], "enabled": false },
								"west": { "texture": "#corn1", "uv": [ 0.0, 0.0, 2.5, 0.5 ], "enabled": false },
								"up": { "texture": "#corn1", "uv": [ 12.0, 5.5, 14.0, 8.0 ], "windMode": [1,7,7,1] },
								"down": { "texture": "#corn1", "uv": [ 0.0, 0.0, 2.0, 2.5 ], "enabled": false }
							}
						}
					]
				},
				{
					"name": "stemdown28",
					"from": [ 4.8, -0.3, 4.8 ], 
					"to": [ 5.1, 3.7, 5.1 ], 
					"rotationOrigin": [ 5.0, -0.3, 5.0 ],
					"rotationX": -3.0,
					"rotationY": -39.0,
					"rotationZ": -2.0,
					"faces": {
						"north": { "texture": "#corn1", "uv": [ 0.0, 0.0, 0.5, 4.0 ], "windMode": [0,1,1,0] },
						"east": { "texture": "#corn1", "uv": [ 0.0, 0.0, 0.5, 4.0 ], "windMode": [0,1,1,0] },
						"south": { "texture": "#corn1", "uv": [ 0.0, 0.0, 0.5, 4.0 ], "windMode": [0,0,1,1] },
						"west": { "texture": "#corn1", "uv": [ 0.0, 0.0, 0.5, 4.0 ], "windMode": [0,0,1,1] },
						"up": { "texture": "#corn1", "uv": [ 0.0, 1.0, 0.5, 1.5 ], "windMode": [1,1,1,1] },
						"down": { "texture": "#corn1", "uv": [ 0.5, 14.5, 1.0, 15.0 ], "enabled": false }
					},
					"children": [
						{
							"name": "Leaf35",
							"from": [ -1.0, 1.0, -2.4 ], 
							"to": [ 1.0, 1.0, 0.1 ], 
							"shade": false,
							"renderPass": 2,
							"rotationOrigin": [ 0.5, 1.0, 0.2 ],
							"rotationX": 53.0,
							"rotationZ": -8.0,
							"faces": {
								"north": { "texture": "#corn1", "uv": [ 0.0, 4.0, 2.0, 4.5 ], "enabled": false },
								"east": { "texture": "#corn1", "uv": [ 0.0, 0.0, 2.5, 0.5 ], "enabled": false },
								"south": { "texture": "#corn1", "uv": [ 0.0, 0.0, 2.0, 0.5 ], "enabled": false },
								"west": { "texture": "#corn1", "uv": [ 0.0, 0.0, 2.5, 0.5 ], "enabled": false },
								"up": { "texture": "#corn1", "uv": [ 12.0, 5.5, 14.0, 8.0 ], "windMode": [1,7,7,1] },
								"down": { "texture": "#corn1", "uv": [ 0.0, 0.0, 2.0, 2.5 ], "enabled": false }
							}
						},
						{
							"name": "Leaf36",
							"from": [ -0.9, 2.0, -2.6 ], 
							"to": [ 1.1, 2.0, -0.1 ], 
							"shade": false,
							"renderPass": 2,
							"rotationOrigin": [ 1.0, 2.0, 0.2 ],
							"rotationX": 53.0,
							"rotationY": 3.0,
							"rotationZ": -6.0,
							"faces": {
								"north": { "texture": "#corn1", "uv": [ 0.0, 0.0, 2.0, 0.5 ], "enabled": false },
								"east": { "texture": "#corn1", "uv": [ 0.0, 0.0, 2.5, 0.5 ], "enabled": false },
								"south": { "texture": "#corn1", "uv": [ 0.0, 0.0, 2.0, 0.5 ], "enabled": false },
								"west": { "texture": "#corn1", "uv": [ 0.0, 0.0, 2.5, 0.5 ], "enabled": false },
								"up": { "texture": "#corn1", "uv": [ 12.0, 5.5, 14.0, 8.0 ], "windMode": [1,7,7,1] },
								"down": { "texture": "#corn1", "uv": [ 0.0, 0.0, 2.0, 2.5 ], "enabled": false }
							}
						},
						{
							"name": "Leaf37",
							"from": [ -1.1, 2.0, -2.2 ], 
							"to": [ 0.9, 2.0, 0.3 ], 
							"shade": false,
							"renderPass": 2,
							"rotationOrigin": [ 0.0, 2.0, 0.2 ],
							"rotationX": -30.0,
							"rotationY": -177.0,
							"rotationZ": -17.0,
							"faces": {
								"north": { "texture": "#corn1", "uv": [ 0.0, 0.0, 2.0, 0.5 ], "enabled": false },
								"east": { "texture": "#corn1", "uv": [ 0.0, 0.0, 2.5, 0.5 ], "enabled": false },
								"south": { "texture": "#corn1", "uv": [ 0.0, 0.0, 2.0, 0.5 ], "enabled": false },
								"west": { "texture": "#corn1", "uv": [ 0.0, 0.0, 2.5, 0.5 ], "enabled": false },
								"up": { "texture": "#corn1", "uv": [ 12.0, 5.5, 14.0, 8.0 ], "windMode": [1,7,7,1] },
								"down": { "texture": "#corn1", "uv": [ 0.0, 0.0, 2.0, 2.5 ], "enabled": false }
							}
						},
						{
							"name": "Leaf38",
							"from": [ -0.8, 3.2, -2.4 ], 
							"to": [ 1.2, 3.2, 0.1 ], 
							"shade": false,
							"renderPass": 2,
							"rotationOrigin": [ 0.2, 3.2, 0.1 ],
							"rotationX": -86.0,
							"rotationY": 138.0,
							"rotationZ": 80.0,
							"faces": {
								"north": { "texture": "#corn1", "uv": [ 0.0, 0.0, 2.0, 0.5 ], "enabled": false },
								"east": { "texture": "#corn1", "uv": [ 0.0, 0.0, 2.5, 0.5 ], "enabled": false },
								"south": { "texture": "#corn1", "uv": [ 0.0, 0.0, 2.0, 0.5 ], "enabled": false },
								"west": { "texture": "#corn1", "uv": [ 0.0, 0.0, 2.5, 0.5 ], "enabled": false },
								"up": { "texture": "#corn1", "uv": [ 12.0, 5.5, 14.0, 8.0 ], "windMode": [1,7,7,1] },
								"down": { "texture": "#corn1", "uv": [ 0.0, 0.0, 2.0, 2.5 ], "enabled": false }
							}
						},
						{
							"name": "Leaf40",
							"from": [ -0.7, 3.8, -2.4 ], 
							"to": [ 1.3, 3.8, 0.1 ], 
							"shade": false,
							"renderPass": 2,
							"rotationOrigin": [ 0.2, 3.8, 0.1 ],
							"rotationX": 94.0,
							"rotationY": -39.0,
							"rotationZ": 75.0,
							"faces": {
								"north": { "texture": "#corn1", "uv": [ 0.0, 0.0, 2.0, 0.5 ], "enabled": false },
								"east": { "texture": "#corn1", "uv": [ 0.0, 0.0, 2.5, 0.5 ], "enabled": false },
								"south": { "texture": "#corn1", "uv": [ 0.0, 0.0, 2.0, 0.5 ], "enabled": false },
								"west": { "texture": "#corn1", "uv": [ 0.0, 0.0, 2.5, 0.5 ], "enabled": false },
								"up": { "texture": "#corn1", "uv": [ 12.0, 5.5, 14.0, 8.0 ], "windMode": [1,7,7,1] },
								"down": { "texture": "#corn1", "uv": [ 0.0, 0.0, 2.0, 2.5 ], "enabled": false }
							}
						}
					]
				},
				{
					"name": "stemdown41",
					"from": [ -4.2, -0.3, 4.9 ], 
					"to": [ -3.9, 3.7, 5.2 ], 
					"rotationOrigin": [ -4.0, -0.3, 5.0 ],
					"rotationX": -2.0,
					"rotationY": -30.0,
					"rotationZ": 1.0,
					"faces": {
						"north": { "texture": "#corn1", "uv": [ 0.0, 0.0, 0.5, 4.0 ], "windMode": [0,1,1,0] },
						"east": { "texture": "#corn1", "uv": [ 0.0, 0.0, 0.5, 4.0 ], "windMode": [0,1,1,0] },
						"south": { "texture": "#corn1", "uv": [ 0.0, 0.0, 0.5, 4.0 ], "windMode": [0,0,1,1] },
						"west": { "texture": "#corn1", "uv": [ 0.0, 0.0, 0.5, 4.0 ], "windMode": [0,0,1,1] },
						"up": { "texture": "#corn1", "uv": [ 0.0, 0.0, 0.5, 0.5 ], "windMode": [1,1,1,1] },
						"down": { "texture": "#corn1", "uv": [ 0.5, 14.5, 1.0, 15.0 ], "enabled": false }
					},
					"children": [
						{
							"name": "Leaf48",
							"from": [ -0.8, 2.0, -1.8 ], 
							"to": [ 1.2, 2.0, 0.7 ], 
							"shade": false,
							"renderPass": 2,
							"rotationOrigin": [ 1.1, 2.0, 0.2 ],
							"rotationX": 58.0,
							"rotationY": -19.0,
							"rotationZ": 14.0,
							"faces": {
								"north": { "texture": "#corn1", "uv": [ 0.0, 0.0, 2.0, 0.5 ], "enabled": false },
								"east": { "texture": "#corn1", "uv": [ 0.0, 0.0, 2.5, 0.5 ], "enabled": false },
								"south": { "texture": "#corn1", "uv": [ 0.0, 0.0, 2.0, 0.5 ], "enabled": false },
								"west": { "texture": "#corn1", "uv": [ 0.0, 0.0, 2.5, 0.5 ], "enabled": false },
								"up": { "texture": "#corn1", "uv": [ 12.0, 5.5, 14.0, 8.0 ], "windMode": [1,7,7,1] },
								"down": { "texture": "#corn1", "uv": [ 0.0, 0.0, 2.0, 2.5 ], "enabled": false }
							}
						},
						{
							"name": "Leaf49",
							"from": [ -0.8, 3.0, -2.5 ], 
							"to": [ 1.2, 3.0, 0.0 ], 
							"shade": false,
							"renderPass": 2,
							"rotationOrigin": [ 0.3, 3.0, 0.3 ],
							"rotationX": 53.0,
							"rotationY": 3.0,
							"rotationZ": -3.0,
							"faces": {
								"north": { "texture": "#corn1", "uv": [ 0.0, 0.0, 2.0, 0.5 ], "enabled": false },
								"east": { "texture": "#corn1", "uv": [ 0.0, 0.0, 2.5, 0.5 ], "enabled": false },
								"south": { "texture": "#corn1", "uv": [ 0.0, 0.0, 2.0, 0.5 ], "enabled": false },
								"west": { "texture": "#corn1", "uv": [ 0.0, 0.0, 2.5, 0.5 ], "enabled": false },
								"up": { "texture": "#corn1", "uv": [ 12.0, 5.5, 14.0, 8.0 ], "windMode": [1,7,7,1] },
								"down": { "texture": "#corn1", "uv": [ 0.0, 0.0, 2.0, 2.5 ], "enabled": false }
							}
						},
						{
							"name": "Leaf50",
							"from": [ -1.0, 1.6, -2.0 ], 
							"to": [ 1.0, 1.6, 0.5 ], 
							"shade": false,
							"renderPass": 2,
							"rotationOrigin": [ 0.0, 1.6, 0.3 ],
							"rotationX": -58.0,
							"rotationY": -180.0,
							"faces": {
								"north": { "texture": "#corn1", "uv": [ 0.0, 0.0, 2.0, 0.5 ], "enabled": false },
								"east": { "texture": "#corn1", "uv": [ 0.0, 0.0, 2.5, 0.5 ], "enabled": false },
								"south": { "texture": "#corn1", "uv": [ 0.0, 0.0, 2.0, 0.5 ], "enabled": false },
								"west": { "texture": "#corn1", "uv": [ 0.0, 0.0, 2.5, 0.5 ], "enabled": false },
								"up": { "texture": "#corn1", "uv": [ 12.0, 5.5, 14.0, 8.0 ], "windMode": [1,7,7,1] },
								"down": { "texture": "#corn1", "uv": [ 0.0, 0.0, 2.0, 2.5 ], "enabled": false }
							}
						},
						{
							"name": "Leaf53",
							"from": [ -1.0, 3.6, -1.8 ], 
							"to": [ 1.0, 3.6, 0.7 ], 
							"shade": false,
							"renderPass": 2,
							"rotationOrigin": [ 0.1, 3.6, 0.4 ],
							"rotationX": 122.0,
							"rotationY": 22.0,
							"rotationZ": -169.0,
							"faces": {
								"north": { "texture": "#corn1", "uv": [ 0.0, 0.0, 2.0, 0.5 ], "enabled": false },
								"east": { "texture": "#corn1", "uv": [ 0.0, 0.0, 2.5, 0.5 ], "enabled": false },
								"south": { "texture": "#corn1", "uv": [ 0.0, 0.0, 2.0, 0.5 ], "enabled": false },
								"west": { "texture": "#corn1", "uv": [ 0.0, 0.0, 2.5, 0.5 ], "enabled": false },
								"up": { "texture": "#corn1", "uv": [ 12.0, 5.5, 14.0, 8.0 ], "windMode": [1,7,7,1] },
								"down": { "texture": "#corn1", "uv": [ 0.0, 0.0, 2.0, 2.5 ], "enabled": false }
							}
						}
					]
				}
			]
		}
	]}