[
  {
    "op": "add",
    "path": "/-",
    "value": {
      "comment": "Small patches of morecropsfix",
      "blockCodes": [
        "morecropsfix:crop-potato-2",
        "morecropsfix:crop-potato-4",
        "morecropsfix:crop-potato-6"
      ],
      "minTemp": 4,
      "maxTemp": 35,
      "minRain": 0.18,
      "maxRain": 0.75,
      "maxForest": 0.3,
      "quantity": {
        "avg": 5,
        "var": 5
      },
      "chance": 0.06
    },
    "file": "worldgen/blockpatches/crop.json"
  },
  {
    "op": "add",
    "path": "/-",
    "value": {
      "comment": "Small patches of yams",
      "blockCodes": [
        "morecropsfix:crop-yam-2",
        "morecropsfix:crop-yam-4",
        "morecropsfix:crop-yam-6"
      ],
      "minTemp": 23,
      "maxTemp": 35,
      "minRain": 0.16,
      "maxRain": 0.7,
      "maxForest": 0.2,
      "quantity": {
        "avg": 5,
        "var": 5
      },
      "chance": 0.06
    },
    "file": "worldgen/blockpatches/crop.json"
  },
  {
    "op": "add",
    "path": "/-",
    "value": {
      "comment": "Small patches of cauliflower",
      "blockCodes": [
        "morecropsfix:crop-cauliflower-4",
        "morecropsfix:crop-cauliflower-6",
        "morecropsfix:crop-cauliflower-9"
      ],
      "minTemp": 7,
      "maxTemp": 29,
      "minRain": 0.16,
      "maxRain": 0.7,
      "maxForest": 0.2,
      "quantity": {
        "avg": 5,
        "var": 5
      },
      "chance": 0.04
    },
    "file": "worldgen/blockpatches/crop.json"
  },
  {
    "op": "add",
    "path": "/-",
    "value": {
      "comment": "Small patches of corn",
      "blockCodes": [
        "morecropsfix:crop-corn-3",
        "morecropsfix:crop-corn-3",
        "morecropsfix:crop-corn-4",
        "morecropsfix:crop-corn-5",
        "morecropsfix:crop-corn-6",
        "morecropsfix:crop-corn-9"
      ],
      "minTemp": 3,
      "maxTemp": 32,
      "minRain": 0.1,
      "maxRain": 0.7,
      "maxForest": 0.02,
      "quantity": {
        "avg": 5,
        "var": 5
      },
      "chance": 0.08
    },
    "file": "worldgen/blockpatches/crop.json"
  },
  {
    "op": "add",
    "path": "/-",
    "value": {
      "comment": "Small patches of beet",
      "blockCodes": [
        "morecropsfix:crop-beet-2",
        "morecropsfix:crop-beet-3",
        "morecropsfix:crop-beet-5"
      ],
      "minTemp": 10,
      "maxTemp": 26,
      "minRain": 0.45,
      "maxRain": 0.85,
      "maxForest": 0.34,
      "quantity": {
        "avg": 5,
        "var": 5
      },
      "chance": 0.07
    },
    "file": "worldgen/blockpatches/crop.json"
  },
  {
    "op": "add",
    "path": "/-",
    "value": {
      "comment": "Small patches of eggplant",
      "blockCodes": [
        "morecropsfix:crop-eggplant-2",
        "morecropsfix:crop-eggplant-3",
        "morecropsfix:crop-eggplant-6"
      ],
      "minTemp": 25,
      "maxTemp": 36,
      "minRain": 0.45,
      "maxRain": 0.85,
      "maxForest": 0.34,
      "quantity": {
        "avg": 5,
        "var": 5
      },
      "chance": 0.07
    },
    "file": "worldgen/blockpatches/crop.json"
  },
  {
    "op": "add",
    "path": "/-",
    "value": {
      "comment": "Small patches of jalapeño",
      "blockCodes": [
        "morecropsfix:crop-jalapeno-3",
        "morecropsfix:crop-jalapeno-3",
        "morecropsfix:crop-jalapeno-4",
        "morecropsfix:crop-jalapeno-5",
        "morecropsfix:crop-jalapeno-6"
      ],
      "minTemp": 8,
      "maxTemp": 25,
      "minRain": 0.15,
      "maxRain": 0.75,
      "maxForest": 0.02,
      "quantity": {
        "avg": 5,
        "var": 5
      },
      "chance": 0.08
    },
    "file": "worldgen/blockpatches/crop.json"
  },
  {
    "op": "add",
    "path": "/-",
    "value": {
      "comment": "Small patches of bellpepper",
      "blockCodes": [
        "morecropsfix:crop-pepperbell-8",
        "morecropsfix:crop-pepperbell-9",
        "morecropsfix:crop-pepperbell-10",
        "morecropsfix:crop-pepperbell-11"
      ],
      "minTemp": 8,
      "maxTemp": 25,
      "minRain": 0.15,
      "maxRain": 0.75,
      "maxForest": 0.02,
      "quantity": {
        "avg": 5,
        "var": 5
      },
      "chance": 0.08
    },
    "file": "worldgen/blockpatches/crop.json"
  },
    {
    "op": "add",
    "path": "/-",
    "value": {
      "comment": "Small patches of sugarcane",
      "blockCodes": [
        "morecropsfix:crop-sugarcane-4",
        "morecropsfix:crop-sugarcane-6",
        "morecropsfix:crop-sugarcane-8"
      ],
      "minTemp": 23,
      "maxTemp": 35,
      "minRain": 0.16,
      "maxRain": 0.7,
      "maxForest": 0.2,
      "quantity": {
        "avg": 5,
        "var": 5
      },
      "chance": 0.06
    },
    "file": "worldgen/blockpatches/crop.json"
  },
    {
    "op": "add",
    "path": "/-",
    "value": {
      "comment": "Small patches of sugarbeets",
      "blockCodes": [
        "morecropsfix:crop-sugarbeet-2",
        "morecropsfix:crop-sugarbeet-3",
        "morecropsfix:crop-sugarbeet-5"
      ],
      "minTemp": 10,
      "maxTemp": 26,
      "minRain": 0.45,
      "maxRain": 0.85,
      "maxForest": 0.34,
      "quantity": {
        "avg": 5,
        "var": 5
      },
      "chance": 0.07
    },
    "file": "worldgen/blockpatches/crop.json"
  },
    {
    "op": "add",
    "path": "/-",
    "value": {
      "comment": "Small patches of oat",
      "blockCodes": [
        "morecropsfix:crop-oat-2",
        "morecropsfix:crop-oat-3",
        "morecropsfix:crop-oat-5"
      ],
      "minTemp": 10,
      "maxTemp": 26,
      "minRain": 0.45,
      "maxRain": 0.85,
      "maxForest": 0.34,
      "quantity": {
        "avg": 5,
        "var": 5
      },
      "chance": 0.07
    },
    "file": "worldgen/blockpatches/crop.json"
  }
]