{
	"editor": {
		"allAngles": false,
		"entityTextureMode": false
	},
	"textureWidth": 16,
	"textureHeight": 16,
	"textureSizes": {
	},
	"textures": {
		"cornbread2": "morecropsfix:item/food/jalapenocornbread2"
	},
	"elements": [
		{
			"name": "ryebread 19",
			"from": [ 6.25, 0.0, 5.5 ], 
			"to": [ 9.75, 1.5, 10.5 ], 
			"rotationOrigin": [ 8.0, 0.0, 8.0 ],
			"faces": {
				"north": { "texture": "#cornbread2", "uv": [ 8.5, 11.5, 12.0, 13.0 ] },
				"east": { "texture": "#cornbread2", "uv": [ 7.5, 11.0, 12.5, 12.5 ] },
				"south": { "texture": "#cornbread2", "uv": [ 7.0, 11.5, 10.5, 13.0 ] },
				"west": { "texture": "#cornbread2", "uv": [ 7.0, 11.5, 12.0, 13.0 ] },
				"up": { "texture": "#cornbread2", "uv": [ 0.5, 9.5, 4.0, 14.5 ] },
				"down": { "texture": "#cornbread2", "uv": [ 4.0, 9.5, 7.5, 14.5 ] }
			},
			"children": [
				{
					"name": "ryebread 1 top20",
					"from": [ 0.5, 1.5, 0.5 ], 
					"to": [ 3.0, 2.0, 4.5 ], 
					"faces": {
						"north": { "texture": "#cornbread2", "uv": [ 10.5, 10.0, 13.0, 10.5 ] },
						"east": { "texture": "#cornbread2", "uv": [ 10.0, 10.0, 10.5, 14.0 ], "rotation": 90 },
						"south": { "texture": "#cornbread2", "uv": [ 11.0, 12.0, 13.5, 12.5 ] },
						"west": { "texture": "#cornbread2", "uv": [ 10.5, 10.5, 11.0, 14.5 ], "rotation": 90 },
						"up": { "texture": "#cornbread2", "uv": [ 9.5, 9.5, 12.0, 13.5 ] },
						"down": { "texture": "#cornbread2", "uv": [ 5.0, 2.0, 7.5, 6.0 ], "enabled": false }
					}
				}
			]
		}
	]}