[
	{
		"ingredientPattern": "WC",
		"ingredients": {
			"W": {
				"type": "block",
				"code": "game:woodbucket"
			},
			"C": {
				"type": "item",
				"code": "morecropsfix:flour-*",
				"quantity": 1,
				"name": "grain"
			}
		},
		"width": 2,
		"height": 1,
		"attributes": {
			"liquidContainerProps": {
				"requiresContent": {
					"type": "item",
					"code": "game:waterportion"
				},
				"requiresLitres": 1
			}
		},
		"name": "{grain} dough",
		"shapeless": true,
		"output": {
			"type": "item",
			"code": "morecropsfix:dough-{grain}"
		}
	},
	{
		"ingredientPattern": "WC",
		"ingredients": {
			"W": {
				"type": "block",
				"code": "game:bowl-fired"
			},
			"C": {
				"type": "item",
				"code": "morecropsfix:flour-*",
				"quantity": 1,
				"name": "grain"
			}
		},
		"width": 2,
		"height": 1,
		"attributes": {
			"liquidContainerProps": {
				"requiresContent": {
					"type": "item",
					"code": "game:waterportion"
				},
				"requiresLitres": 1
			}
		},
		"name": "{grain} dough",
		"shapeless": true,
		"output": {
			"type": "item",
			"code": "morecropsfix:dough-{grain}"
		}
	}
]