[
  {
    "file": "recipes/grid/breadcrumbs.json",
    "op": "replace",
    "path": "/0/enabled",
    "value": true,
    "dependsOn": [ { "modid": "expandedfoods" } ]
  },
  {
    "file": "recipes/grid/breadcrumbs.json",
    "op": "replace",
    "path": "/1/enabled",
    "value": true,
    "dependsOn": [ { "modid": "expandedfoods" } ]
  },
  {
    "file": "recipes/grid/breadcrumbs.json",
    "op": "replace",
    "path": "/2/enabled",
    "value": true,
    "dependsOn": [ { "modid": "expandedfoods" } ]
  },

  {
    "op": "addeach",
    "path": "/variantgroups/0/states/-",
    "value": [ "corn", "oat" ],
    "file": "expandedfoods:itemtypes/food/breadcrumbs.json",
    "dependsOn": [ { "modid": "expandedfoods" } ]
  }
]