[
  {
    "file": "morecropsfix:recipes/kneading/pasta.json",
    "op": "replace",
    "path": "/0/enabled",
    "value": true,
    "dependsOn": [{ "modid": "expandedfoods" }]
  },
  {
    "op": "add",
    "path": "/attributes/renderIngredientsByType/*-dough",
    "value": {"morecropsfix:flour-oat" : "morecropsfix:shapes/item/food/bread/pasta/flax-pastaball.json"},
    "file": "expandedfoods:itemtypes/food/mixing/pasta.json",
    "side": "server",
    dependsOn: [{ "modid": "expandedfoods" }]
  },
  {
    "op": "add",
    "path": "/attributes/renderIngredientsByType/*-flat",
    "value": {"morecropsfix:flour-oat" : "morecropsfix:shapes/item/food/bread/pasta/flax-pasta.json"},
    "file": "expandedfoods:itemtypes/food/mixing/pasta.json",
    "side": "server",
    dependsOn: [{ "modid": "expandedfoods" }]
  },
  {
    "op": "add",
    "path": "/attributes/renderIngredientsByType/*-cut",
    "value": {"morecropsfix:flour-oat" : "morecropsfix:shapes/item/food/bread/pasta/flax-pastacut.json"},
    "file": "expandedfoods:itemtypes/food/mixing/pasta.json",
    "side": "server",
    dependsOn: [{ "modid": "expandedfoods" }]
  },
  {
    "op": "add",
    "path": "/attributes/renderIngredientsByType/*-cooked",
    "value": {"morecropsfix:flour-oat" : "morecropsfix:shapes/item/food/bread/pasta/flax-pastacooked.json"},
    "file": "expandedfoods:itemtypes/food/mixing/pasta.json",
    "side": "server",
    dependsOn: [{ "modid": "expandedfoods" }]
  },
  {
    "op": "add",
    "path": "/attributes/expandedNutritionPropsByType/*-dough/morecropsfix:flour-oat",
    "value": {saturation: 100, foodcategory: "Grain"},
    "file": "expandedfoods:itemtypes/food/mixing/pasta.json",
    "side": "server",
    dependsOn: [{ "modid": "expandedfoods" }]
  },
]