{
	"editor": {
		"allAngles": false,
		"entityTextureMode": false
	},
	"textureWidth": 16,
	"textureHeight": 16,
	"textureSizes": {
	},
	"textures": {
		"e6": "morecropsfix:block/plant/crop/potato/e6",
		"s6": "morecropsfix:block/plant/crop/potato/s6",
		"e1": "morecropsfix:block/plant/crop/potato/e1"
	},
	"elements": [
		{
			"name": "potat 1",
			"from": [ 3.5, 0.5, 6.5 ], 
			"to": [ 5.5, 1.0, 8.5 ], 
			"rotationOrigin": [ 4.5, 0.0, 7.5 ],
			"rotationY": 22.5,
			"faces": {
				"north": { "texture": "#e1", "uv": [ 5.0, 11.0, 7.0, 11.5 ], "enabled": false },
				"east": { "texture": "#e1", "uv": [ 8.0, 10.0, 10.0, 10.5 ], "enabled": false },
				"south": { "texture": "#e1", "uv": [ 10.0, 13.0, 12.0, 13.5 ], "enabled": false },
				"west": { "texture": "#e1", "uv": [ 5.0, 7.0, 7.0, 7.5 ], "enabled": false },
				"up": { "texture": "#e1", "uv": [ 8.0, 4.0, 10.0, 6.0 ], "enabled": false },
				"down": { "texture": "#e1", "uv": [ 4.0, 3.0, 6.0, 5.0 ], "enabled": false }
			},
			"children": [
				{
					"name": "s 1",
					"from": [ -4.5, -0.5, 1.0 ], 
					"to": [ 5.5, 10.5, 1.0 ], 
					"shade": false,
					"rotationOrigin": [ 1.0, -0.5, 1.0 ],
					"faces": {
						"north": { "texture": "#s6", "uv": [ 0.0, 6.0, 10.0, 17.0 ], "enabled": false },
						"east": { "texture": "#s6", "uv": [ 0.0, 0.0, 0.5, 11.0 ], "enabled": false },
						"south": { "texture": "#s6", "uv": [ 2.5, 5.0, 12.5, 16.0 ], "windMode": [0,0,2,2] },
						"west": { "texture": "#s6", "uv": [ 0.0, 0.0, 0.5, 11.0 ], "enabled": false },
						"up": { "texture": "#s6", "uv": [ 0.0, 0.0, 10.0, 0.5 ], "enabled": false },
						"down": { "texture": "#s6", "uv": [ 0.0, 0.0, 10.0, 0.5 ], "enabled": false }
					}
				},
				{
					"name": "e 1",
					"from": [ 1.0, -0.5, -4.0 ], 
					"to": [ 1.0, 10.5, 6.0 ], 
					"shade": false,
					"rotationOrigin": [ 1.0, -0.5, 2.0 ],
					"faces": {
						"north": { "texture": "#e6", "uv": [ 0.0, 0.0, 0.5, 11.0 ], "enabled": false },
						"east": { "texture": "#e6", "uv": [ 3.0, 5.0, 13.0, 16.0 ], "windMode": [0,2,2,0] },
						"south": { "texture": "#e6", "uv": [ 0.0, 0.0, 0.5, 11.0 ], "enabled": false },
						"west": { "texture": "#e6", "uv": [ 0.0, 0.0, 10.0, 11.0 ], "enabled": false },
						"up": { "texture": "#e6", "uv": [ 0.0, 0.0, 0.5, 10.0 ], "enabled": false },
						"down": { "texture": "#e6", "uv": [ 0.0, 0.0, 0.5, 10.0 ], "enabled": false }
					}
				}
			]
		},
		{
			"name": "potat 2",
			"from": [ 10.5, 0.5, 7.5 ], 
			"to": [ 12.0, 1.0, 9.0 ], 
			"rotationOrigin": [ 11.5, 0.0, 8.5 ],
			"rotationY": -45.0,
			"faces": {
				"north": { "texture": "#e1", "uv": [ 5.0, 11.0, 6.5, 11.5 ], "enabled": false },
				"east": { "texture": "#e1", "uv": [ 8.0, 10.0, 9.5, 10.5 ], "enabled": false },
				"south": { "texture": "#e1", "uv": [ 10.0, 13.0, 11.5, 13.5 ], "enabled": false },
				"west": { "texture": "#e1", "uv": [ 5.0, 7.0, 6.5, 7.5 ], "enabled": false },
				"up": { "texture": "#e1", "uv": [ 8.0, 4.0, 9.5, 5.5 ], "enabled": false },
				"down": { "texture": "#e1", "uv": [ 4.0, 3.0, 5.5, 4.5 ], "enabled": false }
			},
			"children": [
				{
					"name": "s 2",
					"from": [ -4.9, -0.5, 0.7 ], 
					"to": [ 6.1, 10.5, 0.7 ], 
					"shade": false,
					"rotationOrigin": [ -0.2, -0.5, 0.7 ],
					"faces": {
						"north": { "texture": "#s6", "uv": [ 0.0, 0.0, 11.0, 11.0 ], "enabled": false },
						"east": { "texture": "#s6", "uv": [ 0.0, 0.0, 0.5, 11.0 ], "enabled": false },
						"south": { "texture": "#s6", "uv": [ 2.5, 5.0, 13.5, 16.0 ], "windMode": [0,0,2,2] },
						"west": { "texture": "#s6", "uv": [ 0.0, 0.0, 0.5, 11.0 ], "enabled": false },
						"up": { "texture": "#s6", "uv": [ 0.0, 0.0, 11.0, 0.5 ], "enabled": false },
						"down": { "texture": "#s6", "uv": [ 0.0, 0.0, 11.0, 0.5 ], "enabled": false }
					}
				},
				{
					"name": "e 2",
					"from": [ 0.6, -0.5, -4.3 ], 
					"to": [ 0.6, 10.5, 6.7 ], 
					"shade": false,
					"rotationOrigin": [ 0.6, -0.5, 0.4 ],
					"faces": {
						"north": { "texture": "#e6", "uv": [ 0.0, 0.0, 0.5, 11.0 ], "enabled": false },
						"east": { "texture": "#e6", "uv": [ 2.0, 5.0, 13.0, 16.0 ], "windMode": [0,2,2,0] },
						"south": { "texture": "#e6", "uv": [ 0.0, 0.0, 0.5, 11.0 ], "enabled": false },
						"west": { "texture": "#e6", "uv": [ 0.0, 0.0, 11.0, 11.0 ], "enabled": false },
						"up": { "texture": "#e6", "uv": [ 0.0, 0.0, 0.5, 11.0 ], "enabled": false },
						"down": { "texture": "#e6", "uv": [ 0.0, 0.0, 0.5, 11.0 ], "enabled": false }
					}
				}
			]
		}
	]}