[
	{
		"enabled":  false,
		"ingredientPattern": "B",
		"ingredients": {
			"B": {
				"type": "item",
				"code": "bread-*-partbaked",
				"name": "type"
			}
		},
		"name": "breadcrumbs",
		"width": 1,
		"height": 1,
		"shapeless": false,
		"output": {
			"type": "item",
			"code": "expandedfoods:breadcrumbs-{type}",
			"quantity": 4
		}
	},
	{
		"enabled": false,
		"ingredientPattern": "B",
		"ingredients": {
			"B": {
				"type": "item",
				"code": "bread-*-perfect",
				"name": "type"
			}
		},
		"name": "breadcrumbs",
		"width": 1,
		"height": 1,
		"shapeless": false,
		"output": {
			"type": "item",
			"code": "expandedfoods:breadcrumbs-{type}",
			"quantity": 4
		}
	},
	{
		"enabled": false,
		"ingredientPattern": "B",
		"ingredients": {
			"B": {
				"type": "item",
				"code": "bread-*-charred",
				"name": "type"
			}
		},
		"name": "breadcrumbs",
		"width": 1,
		"height": 1,
		"shapeless": false,
		"output": {
			"type": "item",
			"code": "expandedfoods:breadcrumbs-{type}",
			"quantity": 4
		}
	}
]

