{
	"code": "cookedchoppedvegetable",
	"maxstacksize": 64,
	"variantgroups": [
		{
			"code": "type",
			"states": [ "potato", "yam", "cauliflower", "corn", "beet", "eggplant", "jalapeno", "pickledpotato", "pickledyam", "pickledcauliflower", "pickledbeet", "pickledeggplant", "pickledjalapeno" ]
		},
		{
			"code": "state",
			"states": [ "partbaked", "perfect", "charred" ]
		}
	],
	"shape": { "base": "morecropsfix:item/food/vegetable/chopped/{type}" },
	"texturesByType": {
		"*": {
			"skin": { "base": "morecropsfix:item/food/{state}/chopped{type}" }
		}
	},
	"attributesByType": {
		"*-eggplant-partbaked": {
			"handbook": { "groupBy": [ "cookedchoppedvegetable-*" ] },
			"displaycaseable": true,
			"shelvable": true,
			"nutritionPropsWhenInMeal": {
				"satiety": 170,
				"foodcategory": "Fruit"
			},
			"bakingProperties": {
				"temp": 100,
				"levelFrom": 0.25,
				"levelTo": 0.5,
				"startScaleY": 1.0,
				"endScaleY": 1.0,
				"resultCode": "morecropsfix:cookedchoppedvegetable-eggplant-perfect",
				"initialCode": "morecropsfix:choppedvegetable-eggplant"
			}
		},
		"*-eggplant-perfect": {
			"handbook": { "groupBy": [ "cookedchoppedvegetable-*" ] },
			"displaycaseable": true,
			"shelvable": true,
			"nutritionPropsWhenInMeal": {
				"satiety": 180,
				"foodcategory": "Fruit"
			},
			"bakingProperties": {
				"temp": 100,
				"levelFrom": 0.5,
				"levelTo": 0.75,
				"startScaleY": 1.0,
				"endScaleY": 1.0,
				"resultCode": "morecropsfix:cookedchoppedvegetable-eggplant-charred",
				"initialCode": "morecropsfix:cookedchoppedvegetable-eggplant-partbaked"
			}
		},
		"*-eggplant-charred": {
			"handbook": { "groupBy": [ "cookedchoppedvegetable-*" ] },
			"displaycaseable": true,
			"shelvable": true,
			"nutritionPropsWhenInMeal": {
				"satiety": 60,
				"foodcategory": "Fruit"
			},
			"bakingProperties": {
				"temp": 100,
				"levelFrom": 0.75,
				"levelTo": 1,
				"startScaleY": 1.0,
				"endScaleY": 1.0,
				"initialCode": "morecropsfix:cookedchoppedvegetable-eggplant-perfect"
			}
		},
		"*-cauliflower-partbaked": {
			"handbook": { "groupBy": [ "cookedchoppedvegetable-*" ] },
			"displaycaseable": true,
			"shelvable": true,
			"nutritionPropsWhenInMeal": {
				"satiety": 470,
				"foodcategory": "Vegetable"
			},
			"bakingProperties": {
				"temp": 100,
				"levelFrom": 0.25,
				"levelTo": 0.5,
				"startScaleY": 1.0,
				"endScaleY": 1.0,
				"resultCode": "morecropsfix:cookedchoppedvegetable-cauliflower-perfect",
				"initialCode": "morecropsfix:choppedvegetable-cauliflower"
			}
		},
		"*-cauliflower-perfect": {
			"handbook": { "groupBy": [ "cookedchoppedvegetable-*" ] },
			"displaycaseable": true,
			"shelvable": true,
			"nutritionPropsWhenInMeal": {
				"satiety": 480,
				"foodcategory": "Vegetable"
			},
			"bakingProperties": {
				"temp": 100,
				"levelFrom": 0.5,
				"levelTo": 0.75,
				"startScaleY": 1.0,
				"endScaleY": 1.0,
				"resultCode": "morecropsfix:cookedchoppedvegetable-cauliflower-charred",
				"initialCode": "morecropsfix:cookedchoppedvegetable-cauliflower-partbaked"
			}
		},
		"*-cauliflower-charred": {
			"handbook": { "groupBy": [ "cookedchoppedvegetable-*" ] },
			"displaycaseable": true,
			"shelvable": true,
			"nutritionPropsWhenInMeal": {
				"satiety": 160,
				"foodcategory": "Vegetable"
			},
			"bakingProperties": {
				"temp": 100,
				"levelFrom": 0.75,
				"levelTo": 1,
				"startScaleY": 1.0,
				"endScaleY": 1.0,
				"initialCode": "morecropsfix:cookedchoppedvegetable-cauliflower-perfect"
			}
		},
		"*-pickledeggplant-partbaked": {
			"handbook": { "groupBy": [ "cookedchoppedvegetable-*" ] },
			"displaycaseable": true,
			"shelvable": true,
			"nutritionPropsWhenInMeal": {
				"satiety": 150,
				"foodcategory": "Fruit"
			},
			"bakingProperties": {
				"temp": 100,
				"levelFrom": 0.25,
				"levelTo": 0.5,
				"startScaleY": 1.0,
				"endScaleY": 1.0,
				"resultCode": "morecropsfix:cookedchoppedvegetable-pickledeggplant-perfect",
				"initialCode": "morecropsfix:choppedvegetable-pickledeggplant"
			}
		},
		"*-pickledeggplant-perfect": {
			"handbook": { "groupBy": [ "cookedchoppedvegetable-*" ] },
			"displaycaseable": true,
			"shelvable": true,
			"nutritionPropsWhenInMeal": {
				"satiety": 160,
				"foodcategory": "Fruit"
			},
			"bakingProperties": {
				"temp": 100,
				"levelFrom": 0.5,
				"levelTo": 0.75,
				"startScaleY": 1.0,
				"endScaleY": 1.0,
				"resultCode": "morecropsfix:cookedchoppedvegetable-pickledeggplant-charred",
				"initialCode": "morecropsfix:cookedchoppedvegetable-pickledeggplant-partbaked"
			}
		},
		"*-pickledeggplant-charred": {
			"handbook": { "groupBy": [ "cookedchoppedvegetable-*" ] },
			"displaycaseable": true,
			"shelvable": true,
			"nutritionPropsWhenInMeal": {
				"satiety": 50,
				"foodcategory": "Fruit"
			},
			"bakingProperties": {
				"temp": 100,
				"levelFrom": 0.75,
				"levelTo": 1,
				"startScaleY": 1.0,
				"endScaleY": 1.0,
				"initialCode": "morecropsfix:cookedchoppedvegetable-pickledeggplant-perfect"
			}
		},
		"*-pickledcauliflower-partbaked": {
			"handbook": { "groupBy": [ "cookedchoppedvegetable-*" ] },
			"displaycaseable": true,
			"shelvable": true,
			"nutritionPropsWhenInMeal": {
				"satiety": 320,
				"foodcategory": "Vegetable"
			},
			"bakingProperties": {
				"temp": 100,
				"levelFrom": 0.25,
				"levelTo": 0.5,
				"startScaleY": 1.0,
				"endScaleY": 1.0,
				"resultCode": "morecropsfix:cookedchoppedvegetable-pickledcauliflower-perfect",
				"initialCode": "morecropsfix:choppedvegetable-pickledcauliflower"
			}
		},
		"*-pickledcauliflower-perfect": {
			"handbook": { "groupBy": [ "cookedchoppedvegetable-*" ] },
			"displaycaseable": true,
			"shelvable": true,
			"nutritionPropsWhenInMeal": {
				"satiety": 330,
				"foodcategory": "Vegetable"
			},
			"bakingProperties": {
				"temp": 100,
				"levelFrom": 0.5,
				"levelTo": 0.75,
				"startScaleY": 1.0,
				"endScaleY": 1.0,
				"resultCode": "morecropsfix:cookedchoppedvegetable-pickledcauliflower-charred",
				"initialCode": "morecropsfix:cookedchoppedvegetable-pickledcauliflower-partbaked"
			}
		},
		"*-pickledcauliflower-charred": {
			"handbook": { "groupBy": [ "cookedchoppedvegetable-*" ] },
			"displaycaseable": true,
			"shelvable": true,
			"nutritionPropsWhenInMeal": {
				"satiety": 110,
				"foodcategory": "Vegetable"
			},
			"bakingProperties": {
				"temp": 100,
				"levelFrom": 0.75,
				"levelTo": 1,
				"startScaleY": 1.0,
				"endScaleY": 1.0,
				"initialCode": "morecropsfix:cookedchoppedvegetable-pickledcauliflower-perfect"
			}
		},
		"*-pickled*-partbaked": {
			"handbook": { "groupBy": [ "cookedchoppedvegetable-*" ] },
			"displaycaseable": true,
			"shelvable": true,
			"nutritionPropsWhenInMeal": {
				"satiety": 150,
				"foodcategory": "Vegetable"
			},
			"bakingProperties": {
				"temp": 100,
				"levelFrom": 0.25,
				"levelTo": 0.5,
				"startScaleY": 1.0,
				"endScaleY": 1.0,
				"resultCode": "morecropsfix:cookedchoppedvegetable-{type}-perfect",
				"initialCode": "morecropsfix:choppedvegetable-{type}"
			}
		},
		"*-pickled*-perfect": {
			"handbook": { "groupBy": [ "cookedchoppedvegetable-*" ] },
			"displaycaseable": true,
			"shelvable": true,
			"nutritionPropsWhenInMeal": {
				"satiety": 160,
				"foodcategory": "Vegetable"
			},
			"bakingProperties": {
				"temp": 100,
				"levelFrom": 0.5,
				"levelTo": 0.75,
				"startScaleY": 1.0,
				"endScaleY": 1.0,
				"resultCode": "morecropsfix:cookedchoppedvegetable-{type}-charred",
				"initialCode": "morecropsfix:cookedchoppedvegetable-{type}-partbaked"
			}
		},
		"*-pickled*-charred": {
			"handbook": { "groupBy": [ "cookedchoppedvegetable-*" ] },
			"displaycaseable": true,
			"shelvable": true,
			"nutritionPropsWhenInMeal": {
				"satiety": 50,
				"foodcategory": "Vegetable"
			},
			"bakingProperties": {
				"temp": 100,
				"levelFrom": 0.75,
				"levelTo": 1,
				"startScaleY": 1.0,
				"endScaleY": 1.0,
				"initialCode": "morecropsfix:cookedchoppedvegetable-{type}-perfect"
			}
		},
		"*-partbaked": {
			"handbook": { "groupBy": [ "cookedchoppedvegetable-*" ] },
			"displaycaseable": true,
			"shelvable": true,
			"nutritionPropsWhenInMeal": {
				"satiety": 170,
				"foodcategory": "Vegetable"
			},
			"bakingProperties": {
				"temp": 100,
				"levelFrom": 0.25,
				"levelTo": 0.5,
				"startScaleY": 1.0,
				"endScaleY": 1.0,
				"resultCode": "morecropsfix:cookedchoppedvegetable-{type}-perfect",
				"initialCode": "morecropsfix:choppedvegetable-{type}"
			}
		},
		"*-perfect": {
			"handbook": { "groupBy": [ "cookedchoppedvegetable-*" ] },
			"displaycaseable": true,
			"shelvable": true,
			"nutritionPropsWhenInMeal": {
				"satiety": 180,
				"foodcategory": "Vegetable"
			},
			"bakingProperties": {
				"temp": 100,
				"levelFrom": 0.5,
				"levelTo": 0.75,
				"startScaleY": 1.0,
				"endScaleY": 1.0,
				"resultCode": "morecropsfix:cookedchoppedvegetable-{type}-charred",
				"initialCode": "morecropsfix:cookedchoppedvegetable-{type}-partbaked"
			}
		},
		"*-charred": {
			"handbook": { "groupBy": [ "cookedchoppedvegetable-*" ] },
			"displaycaseable": true,
			"shelvable": true,
			"nutritionPropsWhenInMeal": {
				"satiety": 60,
				"foodcategory": "Vegetable"
			},
			"bakingProperties": {
				"temp": 100,
				"levelFrom": 0.75,
				"levelTo": 1,
				"startScaleY": 1.0,
				"endScaleY": 1.0,
				"initialCode": "morecropsfix:cookedchoppedvegetable-{type}-perfect"
			}
		}
	},
	"combustiblePropsByType": {
		"*-partbaked": {
			"meltingPoint": 150,
			"meltingDuration": 20,
			"smeltedRatio": 1,
			"smeltingType": "bake",
			"smeltedStack": {
				"type": "item",
				"code": "morecropsfix:cookedchoppedvegetable-{type}-charred"
			},
			"requiresContainer": false
		},
		"*-perfect": {
			"meltingPoint": 150,
			"meltingDuration": 20,
			"smeltedRatio": 1,
			"smeltingType": "bake",
			"smeltedStack": {
				"type": "item",
				"code": "morecropsfix:cookedchoppedvegetable-{type}-charred"
			},
			"requiresContainer": false
		}
	},
	"creativeinventory": {
		"general": [ "*" ],
		"items": [ "*" ]
	},
	"nutritionPropsByType": {
		"*-eggplant-partbaked": {
			"satiety": 125,
			"foodcategory": "Fruit"
		},
		"*-eggplant-perfect": {
			"satiety": 140,
			"foodcategory": "Fruit"
		},
		"*-eggplant-charred": {
			"satiety": 60,
			"foodcategory": "Fruit"
		},
		"*-pickledeggplant-partbaked": {
			"satiety": 105,
			"foodcategory": "Fruit"
		},
		"*-pickledeggplant-perfect": {
			"satiety": 120,
			"foodcategory": "Fruit"
		},
		"*-pickledeggplant-charred": {
			"satiety": 50,
			"foodcategory": "Fruit"
		},
		"*-cauliflower-partbaked": {
			"satiety": 325,
			"foodcategory": "Vegetable"
		},
		"*-cauliflower-perfect": {
			"satiety": 340,
			"foodcategory": "Vegetable"
		},
		"*-cauliflower-charred": {
			"satiety": 160,
			"foodcategory": "Vegetable"
		},
		"*-pickledcauliflower-partbaked": {
			"satiety": 265,
			"foodcategory": "Vegetable"
		},
		"*-pickledcauliflower-perfect": {
			"satiety": 280,
			"foodcategory": "Vegetable"
		},
		"*-pickledcauliflower-charred": {
			"satiety": 130,
			"foodcategory": "Vegetable"
		},
		"*-pickled*-partbaked": {
			"satiety": 105,
			"foodcategory": "Vegetable"
		},
		"*-pickled*-perfect": {
			"satiety": 120,
			"foodcategory": "Vegetable"
		},
		"*-pickled*-charred": {
			"satiety": 50,
			"foodcategory": "Vegetable"
		},
		"*-partbaked": {
			"satiety": 125,
			"foodcategory": "Vegetable"
		},
		"*-perfect": {
			"satiety": 140,
			"foodcategory": "Vegetable"
		},
		"*-charred": {
			"satiety": 60,
			"foodcategory": "Vegetable"
		}
	},
	"transitionablePropsByType": {
		"*pickled*-partbaked": [
			{
				"type": "Perish",
				"freshHours": { "avg": 900 },
				"transitionHours": { "avg": 48 },
				"transitionedStack": {
					"type": "item",
					"code": "game:rot"
				},
				"transitionRatio": 0.5
			}
		],
		"*pickled*-perfect": [
			{
				"type": "Perish",
				"freshHours": { "avg": 450 },
				"transitionHours": { "avg": 48 },
				"transitionedStack": {
					"type": "item",
					"code": "game:rot"
				},
				"transitionRatio": 0.5
			}
		],
		"*pickled*-charred": [
			{
				"type": "Perish",
				"freshHours": { "avg": 1350 },
				"transitionHours": { "avg": 80 },
				"transitionedStack": {
					"type": "item",
					"code": "game:rot"
				},
				"transitionRatio": 0.5
			}
		],
		"*-partbaked": [
			{
				"type": "Perish",
				"freshHours": { "avg": 252 },
				"transitionHours": { "avg": 48 },
				"transitionedStack": {
					"type": "item",
					"code": "game:rot"
				},
				"transitionRatio": 0.5
			}
		],
		"*-perfect": [
			{
				"type": "Perish",
				"freshHours": { "avg": 126 },
				"transitionHours": { "avg": 48 },
				"transitionedStack": {
					"type": "item",
					"code": "game:rot"
				},
				"transitionRatio": 0.5
			}
		],
		"*-charred": [
			{
				"type": "Perish",
				"freshHours": { "avg": 378 },
				"transitionHours": { "avg": 80 },
				"transitionedStack": {
					"type": "item",
					"code": "game:rot"
				},
				"transitionRatio": 0.5
			}
		]
	},
	"materialDensity": 600,
	"guiTransformByType": {
		"*-potato-*": {
			"translation": {
				"x": 0,
				"y": 0,
				"z": 0
			},
			"rotation": {
				"x": -37,
				"y": 135,
				"z": -155
			},
			"origin": {
				"x": 0.5,
				"y": 0.1,
				"z": 0.5
			},
			"scale": 5.35
		},
		"*-yam-*": {
			"translation": {
				"x": 0,
				"y": 0,
				"z": 0
			},
			"rotation": {
				"x": -37,
				"y": 135,
				"z": -155
			},
			"origin": {
				"x": 0.5,
				"y": 0.07,
				"z": 0.5
			},
			"scale": "5."
		},
		"*-corn-*": {
			"translation": {
				"x": 3,
				"y": 1,
				"z": -25
			},
			"rotation": {
				"x": 155,
				"y": 12,
				"z": 0
			},
			"origin": {
				"x": 0.45,
				"y": -0.1,
				"z": 0.8
			},
			"scale": 3.5
		},
		"*-cauliflower-*": {
			"translation": {
				"x": 3,
				"y": 1,
				"z": -25
			},
			"rotation": {
				"x": 155,
				"y": 12,
				"z": 0
			},
			"origin": {
				"x": 0.45,
				"y": -0.1,
				"z": 0.8
			},
			"scale": 3.5
		},
		"*-beet-*": {
			"translation": {
				"x": 0,
				"y": 0,
				"z": 0
			},
			"rotation": {
				"x": -37,
				"y": 135,
				"z": -155
			},
			"origin": {
				"x": 0.53,
				"y": 0.1,
				"z": 0.5
			},
			"scale": 3.3
		},
		"*-eggplant-*": {
			"translation": {
				"x": 0,
				"y": 0,
				"z": 0
			},
			"rotation": {
				"x": -37,
				"y": 135,
				"z": -155
			},
			"origin": {
				"x": 0.53,
				"y": 0.1,
				"z": 0.5
			},
			"scale": 3.3
		},
		"*-jalapeno-*": {
			"translation": {
				"x": 3,
				"y": 1,
				"z": -25
			},
			"rotation": {
				"x": 155,
				"y": 12,
				"z": 0
			},
			"origin": {
				"x": 0.45,
				"y": -0.1,
				"z": 0.8
			},
			"scale": 3.5
		},
		"*-pickledpotato-*": {
			"translation": {
				"x": 0,
				"y": 0,
				"z": 0
			},
			"rotation": {
				"x": -37,
				"y": 135,
				"z": -155
			},
			"origin": {
				"x": 0.5,
				"y": 0.1,
				"z": 0.5
			},
			"scale": 5.35
		},
		"*-pickledyam-*": {
			"translation": {
				"x": 0,
				"y": 0,
				"z": 0
			},
			"rotation": {
				"x": -37,
				"y": 135,
				"z": -155
			},
			"origin": {
				"x": 0.5,
				"y": 0.07,
				"z": 0.5
			},
			"scale": "5."
		},
		"*-pickledcauliflower-*": {
			"translation": {
				"x": 3,
				"y": 1,
				"z": -25
			},
			"rotation": {
				"x": 155,
				"y": 12,
				"z": 0
			},
			"origin": {
				"x": 0.45,
				"y": -0.1,
				"z": 0.8
			},
			"scale": 3.5
		},
		"*-pickledbeet-*": {
			"translation": {
				"x": 0,
				"y": 0,
				"z": 0
			},
			"rotation": {
				"x": -37,
				"y": 135,
				"z": -155
			},
			"origin": {
				"x": 0.53,
				"y": 0.1,
				"z": 0.5
			},
			"scale": 3.3
		},
		"*-pickledeggplant-*": {
			"translation": {
				"x": 0,
				"y": 0,
				"z": 0
			},
			"rotation": {
				"x": -37,
				"y": 135,
				"z": -155
			},
			"origin": {
				"x": 0.53,
				"y": 0.1,
				"z": 0.5
			},
			"scale": 3.3
		},
		"*-pickledjalapeno-*": {
			"translation": {
				"x": 3,
				"y": 1,
				"z": -25
			},
			"rotation": {
				"x": 155,
				"y": 12,
				"z": 0
			},
			"origin": {
				"x": 0.45,
				"y": -0.1,
				"z": 0.8
			},
			"scale": 3.5
		}

	},
	"fpHandTransformByType": {
		"*": {
			"translation": {
				"x": 0,
				"y": 0,
				"z": 0
			},
			"rotation": {
				"x": 45,
				"y": 47,
				"z": -30
			},
			"origin": {
				"x": 0.5,
				"y": 0.3,
				"z": 0.5
			},
			"scale": 1.9
		}
	},
	"tpHandTransformByType": {
		"*": {
			"translation": {
				"x": -0.6,
				"y": -0.18,
				"z": -0.6
			},
			"rotation": {
				"x": 0,
				"y": 0,
				"z": -42
			},
			"origin": {
				"x": 0.5,
				"y": 0.1,
				"z": 0.5
			},
			"scale": 0.8
		}
	},
	"groundTransformByType": {
		"*": {
			"origin": {
				"x": 0.47,
				"y": 0,
				"z": 0.5
			},
			"scale": 4.3
		}
	}
}