{
	"editor": {
		"allAngles": false,
		"entityTextureMode": false
	},
	"textureWidth": 8,
	"textureHeight": 8,
	"elements": [
		{
			"name": "bread",
			"from": [ 7.0, 0.0, 7.0 ], 
			"to": [ 9.7, 2.0, 9.7 ], 
			"rotationOrigin": [ 8.4, 0.0, 8.5 ],
			"faces": {
				"north": { "texture": "#flaxraw", "uv": [ 1.5, 5.0, 3.5, 7.5 ], "rotation": 90 },
				"east": { "texture": "#flaxraw", "uv": [ 1.5, 5.5, 4.0, 7.5 ], "rotation": 180 },
				"south": { "texture": "#flaxraw", "uv": [ 4.25, 0.0, 6.75, 2.0 ] },
				"west": { "texture": "#flaxraw", "uv": [ 2.0, 0.5, 4.5, 2.5 ], "rotation": 180 },
				"up": { "texture": "#flaxraw", "uv": [ 1.5, 5.0, 4.0, 7.5 ], "rotation": 180 },
				"down": { "texture": "#flaxraw", "uv": [ 3.0, 0.25, 5.5, 2.75 ] }
			},
			"children": [
				{
					"name": "breadtop",
					"from": [ 0.3, 2.0, 0.3 ], 
					"to": [ 2.4, 2.2, 2.4 ], 
					"rotationOrigin": [ -0.2, 0.5, -0.2 ],
					"faces": {
						"north": { "texture": "#flaxraw", "uv": [ 5.0, 4.5, 7.0, 5.0 ] },
						"east": { "texture": "#flaxraw", "uv": [ 6.5, 5.5, 7.0, 7.5 ], "rotation": 90 },
						"south": { "texture": "#flaxraw", "uv": [ 4.0, 3.0, 6.0, 3.5 ] },
						"west": { "texture": "#flaxraw", "uv": [ 6.5, 1.5, 7.0, 3.5 ], "rotation": 90 },
						"up": { "texture": "#flaxraw", "uv": [ 1.0, 5.5, 3.0, 7.5 ], "rotation": 180 },
						"down": { "texture": "#flaxraw", "uv": [ 1.5, 1.25, 3.5, 3.25 ], "enabled": false }
					}
				}
			]
		}
	]}