{
	"editor": {
		"allAngles": false,
		"entityTextureMode": false
	},
	"textureWidth": 16,
	"textureHeight": 16,
	"textureSizes": {
	},
	"textures": {
		"bulb": "block/plant/crop/bellpepper/bulb"
	},
	"elements": [
		{
			"name": "origin",
			"from": [ -10.0, -5.5, -7.6 ], 
			"to": [ -10.0, -5.5, -7.6 ], 
			"rotationOrigin": [ 0.0, 0.0, 0.0 ],
			"rotationY": 22.5,
			"faces": {
				"north": { "texture": "#null", "uv": [ 0.0, 0.0, 0.5, 0.5 ], "enabled": false },
				"east": { "texture": "#null", "uv": [ 0.0, 0.0, 0.5, 0.5 ], "enabled": false },
				"south": { "texture": "#null", "uv": [ 0.0, 0.0, 0.5, 0.5 ], "enabled": false },
				"west": { "texture": "#null", "uv": [ 0.0, 0.0, 0.5, 0.5 ], "enabled": false },
				"up": { "texture": "#null", "uv": [ 0.0, 0.0, 0.5, 0.5 ], "enabled": false },
				"down": { "texture": "#null", "uv": [ 0.0, 0.0, 0.5, 0.5 ], "enabled": false }
			},
			"children": [
				{
					"name": "stage1",
					"from": [ 9.55, 3.9, 6.98 ], 
					"to": [ 10.55, 4.9, 7.98 ], 
					"rotationOrigin": [ 10.1, 5.4, 7.0 ],
					"rotationX": -7.0,
					"rotationZ": -9.0,
					"faces": {
						"north": { "texture": "#bulb", "uv": [ 10.0, 11.5, 11.0, 12.5 ] },
						"east": { "texture": "#bulb", "uv": [ 11.5, 13.0, 12.5, 14.0 ] },
						"south": { "texture": "#bulb", "uv": [ 12.5, 11.0, 13.5, 12.0 ] },
						"west": { "texture": "#bulb", "uv": [ 10.5, 9.5, 11.5, 10.5 ] },
						"up": { "texture": "#bulb", "uv": [ 10.5, 13.0, 11.5, 14.0 ] },
						"down": { "texture": "#bulb", "uv": [ 9.0, 11.0, 10.0, 12.0 ] }
					},
					"children": [
						{
							"name": "stem 43",
							"from": [ 0.3, 0.6, 0.3 ], 
							"to": [ 0.7, 1.6, 0.7 ], 
							"rotationOrigin": [ 0.5, 0.6, 0.5 ],
							"rotationX": 8.0,
							"rotationZ": 2.0,
							"faces": {
								"north": { "texture": "#bulb", "uv": [ 10.0, 8.0, 10.5, 9.0 ] },
								"east": { "texture": "#bulb", "uv": [ 11.0, 8.0, 11.5, 9.0 ] },
								"south": { "texture": "#bulb", "uv": [ 14.0, 8.0, 14.5, 9.0 ] },
								"west": { "texture": "#bulb", "uv": [ 11.0, 8.0, 11.5, 9.0 ] },
								"up": { "texture": "#bulb", "uv": [ 9.0, 8.0, 9.5, 8.5 ] },
								"down": { "texture": "#bulb", "uv": [ 4.0, 11.5, 4.5, 12.0 ], "enabled": false }
							}
						}
					]
				},
				{
					"name": "stage2",
					"from": [ 9.6, 3.5, 6.9 ], 
					"to": [ 10.6, 5.0, 7.9 ], 
					"rotationOrigin": [ 10.1, 5.6, 6.9 ],
					"rotationX": -7.0,
					"rotationZ": -9.0,
					"faces": {
						"north": { "texture": "#bulb", "uv": [ 10.0, 11.5, 11.0, 13.0 ] },
						"east": { "texture": "#bulb", "uv": [ 11.5, 13.0, 12.5, 14.5 ] },
						"south": { "texture": "#bulb", "uv": [ 12.5, 11.0, 13.5, 12.5 ] },
						"west": { "texture": "#bulb", "uv": [ 10.5, 9.5, 11.5, 11.0 ] },
						"up": { "texture": "#bulb", "uv": [ 10.5, 13.0, 11.5, 14.0 ] },
						"down": { "texture": "#bulb", "uv": [ 9.0, 11.0, 10.0, 12.0 ] }
					},
					"children": [
						{
							"name": "stem 43",
							"from": [ 0.3, 1.0, 0.3 ], 
							"to": [ 0.7, 2.0, 0.7 ], 
							"rotationOrigin": [ 0.5, 1.0, 0.5 ],
							"rotationX": 8.0,
							"rotationZ": 2.0,
							"faces": {
								"north": { "texture": "#bulb", "uv": [ 10.0, 8.0, 10.5, 9.0 ] },
								"east": { "texture": "#bulb", "uv": [ 11.0, 8.0, 11.5, 9.0 ] },
								"south": { "texture": "#bulb", "uv": [ 14.0, 8.0, 14.5, 9.0 ] },
								"west": { "texture": "#bulb", "uv": [ 11.0, 8.0, 11.5, 9.0 ] },
								"up": { "texture": "#bulb", "uv": [ 9.0, 8.0, 9.5, 8.5 ] },
								"down": { "texture": "#bulb", "uv": [ 4.0, 11.5, 4.5, 12.0 ], "enabled": false }
							}
						}
					]
				},
				{
					"name": "stage3",
					"from": [ 9.6, 3.5, 6.9 ], 
					"to": [ 10.6, 4.5, 7.9 ], 
					"rotationOrigin": [ 10.1, 5.6, 6.9 ],
					"rotationX": -7.0,
					"rotationZ": -9.0,
					"faces": {
						"north": { "texture": "#bulb", "uv": [ 10.0, 11.5, 11.0, 12.5 ] },
						"east": { "texture": "#bulb", "uv": [ 11.5, 13.0, 12.5, 14.0 ] },
						"south": { "texture": "#bulb", "uv": [ 12.5, 11.0, 13.5, 12.0 ] },
						"west": { "texture": "#bulb", "uv": [ 10.5, 9.5, 11.5, 10.5 ] },
						"up": { "texture": "#bulb", "uv": [ 10.5, 13.0, 11.5, 14.0 ] },
						"down": { "texture": "#bulb", "uv": [ 9.0, 11.0, 10.0, 12.0 ] }
					},
					"children": [
						{
							"name": "side 39",
							"from": [ -0.7, -0.2, 0.6 ], 
							"to": [ 0.3, 1.3, 1.6 ], 
							"rotationOrigin": [ 0.3, 1.8, 0.6 ],
							"rotationX": 10.000000370993861,
							"rotationY": 1.0,
							"rotationZ": 10.000000370993861,
							"faces": {
								"north": { "texture": "#bulb", "uv": [ 9.5, 10.5, 10.5, 12.0 ] },
								"east": { "texture": "#bulb", "uv": [ 10.0, 13.0, 11.0, 14.5 ] },
								"south": { "texture": "#bulb", "uv": [ 12.0, 11.5, 13.0, 13.0 ] },
								"west": { "texture": "#bulb", "uv": [ 12.5, 9.0, 13.5, 10.5 ] },
								"up": { "texture": "#bulb", "uv": [ 11.5, 13.5, 12.5, 14.5 ] },
								"down": { "texture": "#bulb", "uv": [ 11.5, 11.5, 12.5, 12.5 ] }
							}
						},
						{
							"name": "side 40",
							"from": [ 0.7, -0.2, 0.6 ], 
							"to": [ 1.7, 1.3, 1.6 ], 
							"rotationOrigin": [ 0.7, 1.8, 0.6 ],
							"rotationX": 10.000000370993861,
							"rotationZ": -10.000000370993861,
							"faces": {
								"north": { "texture": "#bulb", "uv": [ 11.5, 10.5, 12.5, 12.0 ] },
								"east": { "texture": "#bulb", "uv": [ 12.0, 11.0, 13.0, 12.5 ] },
								"south": { "texture": "#bulb", "uv": [ 11.0, 10.5, 12.0, 12.0 ] },
								"west": { "texture": "#bulb", "uv": [ 12.5, 9.5, 13.5, 11.0 ] },
								"up": { "texture": "#bulb", "uv": [ 10.0, 12.5, 11.0, 13.5 ] },
								"down": { "texture": "#bulb", "uv": [ 11.5, 12.5, 12.5, 13.5 ] }
							}
						},
						{
							"name": "side 41",
							"from": [ 0.7, -0.2, -0.7 ], 
							"to": [ 1.7, 1.3, 0.3 ], 
							"rotationOrigin": [ 0.7, 1.8, 0.3 ],
							"rotationX": -10.000000370993861,
							"rotationY": 1.0,
							"rotationZ": -10.000000370993861,
							"faces": {
								"north": { "texture": "#bulb", "uv": [ 10.0, 11.0, 11.0, 12.5 ] },
								"east": { "texture": "#bulb", "uv": [ 15.0, 13.0, 16.0, 14.5 ] },
								"south": { "texture": "#bulb", "uv": [ 12.0, 12.5, 13.0, 14.0 ] },
								"west": { "texture": "#bulb", "uv": [ 10.5, 10.0, 11.5, 11.5 ] },
								"up": { "texture": "#bulb", "uv": [ 12.0, 11.5, 13.0, 12.5 ] },
								"down": { "texture": "#bulb", "uv": [ 13.5, 10.5, 14.5, 11.5 ] }
							}
						},
						{
							"name": "side 42",
							"from": [ -0.7, -0.2, -0.7 ], 
							"to": [ 0.3, 1.3, 0.3 ], 
							"rotationOrigin": [ 0.3, 1.8, 0.3 ],
							"rotationX": -10.000000370993861,
							"rotationZ": 10.000000370993861,
							"faces": {
								"north": { "texture": "#bulb", "uv": [ 13.0, 13.0, 14.0, 14.5 ] },
								"east": { "texture": "#bulb", "uv": [ 11.5, 9.0, 12.5, 10.5 ] },
								"south": { "texture": "#bulb", "uv": [ 13.5, 13.0, 14.5, 14.5 ] },
								"west": { "texture": "#bulb", "uv": [ 10.0, 12.5, 11.0, 14.0 ] },
								"up": { "texture": "#bulb", "uv": [ 14.5, 9.5, 15.5, 10.5 ] },
								"down": { "texture": "#bulb", "uv": [ 9.5, 12.0, 10.5, 13.0 ] }
							}
						},
						{
							"name": "stem 43",
							"from": [ 0.3, 1.0, 0.3 ], 
							"to": [ 0.7, 2.0, 0.7 ], 
							"rotationOrigin": [ 0.5, 1.0, 0.5 ],
							"rotationX": 8.0,
							"rotationZ": 2.0,
							"faces": {
								"north": { "texture": "#bulb", "uv": [ 10.0, 8.0, 10.5, 9.0 ] },
								"east": { "texture": "#bulb", "uv": [ 11.0, 8.0, 11.5, 9.0 ] },
								"south": { "texture": "#bulb", "uv": [ 14.0, 8.0, 14.5, 9.0 ] },
								"west": { "texture": "#bulb", "uv": [ 11.0, 8.0, 11.5, 9.0 ] },
								"up": { "texture": "#bulb", "uv": [ 9.0, 8.0, 9.5, 8.5 ] },
								"down": { "texture": "#bulb", "uv": [ 4.0, 11.5, 4.5, 12.0 ], "enabled": false }
							}
						}
					]
				},
				{
					"name": "stage4",
					"from": [ 9.5, 2.6, 7.0 ], 
					"to": [ 10.5, 4.6, 8.0 ], 
					"rotationOrigin": [ 10.0, 4.7, 7.0 ],
					"rotationX": -7.0,
					"rotationZ": -9.0,
					"faces": {
						"north": { "texture": "#bulb", "uv": [ 4.0, 11.5, 5.0, 13.5 ] },
						"east": { "texture": "#bulb", "uv": [ 4.0, 12.5, 5.0, 14.5 ] },
						"south": { "texture": "#bulb", "uv": [ 4.0, 12.0, 5.0, 14.0 ] },
						"west": { "texture": "#bulb", "uv": [ 4.0, 11.0, 5.0, 13.0 ] },
						"up": { "texture": "#bulb", "uv": [ 4.0, 13.0, 5.0, 14.0 ] },
						"down": { "texture": "#bulb", "uv": [ 2.0, 9.0, 3.0, 10.0 ] }
					},
					"children": [
						{
							"name": "side 39",
							"from": [ -0.7, -0.7, 0.6 ], 
							"to": [ 0.3, 2.3, 1.6 ], 
							"rotationOrigin": [ 0.3, 1.8, 0.6 ],
							"rotationX": 10.000000370993861,
							"rotationY": 1.0,
							"rotationZ": 10.000000370993861,
							"faces": {
								"north": { "texture": "#bulb", "uv": [ 3.5, 11.0, 4.5, 14.0 ] },
								"east": { "texture": "#bulb", "uv": [ 6.5, 9.5, 7.5, 12.5 ] },
								"south": { "texture": "#bulb", "uv": [ 3.0, 11.0, 4.0, 14.0 ] },
								"west": { "texture": "#bulb", "uv": [ 2.5, 11.5, 3.5, 14.5 ] },
								"up": { "texture": "#bulb", "uv": [ 4.5, 10.0, 5.5, 11.0 ] },
								"down": { "texture": "#bulb", "uv": [ 4.5, 11.0, 5.5, 12.0 ] }
							}
						},
						{
							"name": "side 40",
							"from": [ 0.7, -0.7, 0.6 ], 
							"to": [ 1.7, 2.3, 1.6 ], 
							"rotationOrigin": [ 0.7, 1.8, 0.6 ],
							"rotationX": 10.000000370993861,
							"rotationZ": -10.000000370993861,
							"faces": {
								"north": { "texture": "#bulb", "uv": [ 4.5, 10.0, 5.5, 13.0 ] },
								"east": { "texture": "#bulb", "uv": [ 4.5, 11.5, 5.5, 14.5 ] },
								"south": { "texture": "#bulb", "uv": [ 4.0, 11.5, 5.0, 14.5 ] },
								"west": { "texture": "#bulb", "uv": [ 4.0, 11.0, 5.0, 14.0 ] },
								"up": { "texture": "#bulb", "uv": [ 3.0, 10.0, 4.0, 11.0 ] },
								"down": { "texture": "#bulb", "uv": [ 3.5, 10.0, 4.5, 11.0 ] }
							}
						},
						{
							"name": "side 41",
							"from": [ 0.7, -0.7, -0.7 ], 
							"to": [ 1.7, 2.3, 0.3 ], 
							"rotationOrigin": [ 0.7, 1.8, 0.3 ],
							"rotationX": -10.000000370993861,
							"rotationY": 1.0,
							"rotationZ": -10.000000370993861,
							"faces": {
								"north": { "texture": "#bulb", "uv": [ 0.5, 11.0, 1.5, 14.0 ] },
								"east": { "texture": "#bulb", "uv": [ 1.0, 12.5, 2.0, 15.5 ] },
								"south": { "texture": "#bulb", "uv": [ 2.5, 10.5, 3.5, 13.5 ] },
								"west": { "texture": "#bulb", "uv": [ 0.0, 13.0, 1.0, 16.0 ] },
								"up": { "texture": "#bulb", "uv": [ 4.5, 11.5, 5.5, 12.5 ] },
								"down": { "texture": "#bulb", "uv": [ 4.0, 11.0, 5.0, 12.0 ] }
							}
						},
						{
							"name": "side 42",
							"from": [ -0.7, -0.7, -0.7 ], 
							"to": [ 0.3, 2.3, 0.3 ], 
							"rotationOrigin": [ 0.3, 1.8, 0.3 ],
							"rotationX": -10.000000370993861,
							"rotationZ": 10.000000370993861,
							"faces": {
								"north": { "texture": "#bulb", "uv": [ 3.5, 9.5, 4.5, 12.5 ] },
								"east": { "texture": "#bulb", "uv": [ 1.5, 11.0, 2.5, 14.0 ] },
								"south": { "texture": "#bulb", "uv": [ 6.5, 10.0, 7.5, 13.0 ] },
								"west": { "texture": "#bulb", "uv": [ 1.5, 12.0, 2.5, 15.0 ] },
								"up": { "texture": "#bulb", "uv": [ 4.0, 13.0, 5.0, 14.0 ] },
								"down": { "texture": "#bulb", "uv": [ 5.5, 12.0, 6.5, 13.0 ] }
							}
						},
						{
							"name": "stem 43",
							"from": [ 0.3, 1.4, 0.3 ], 
							"to": [ 0.7, 2.9, 0.7 ], 
							"rotationOrigin": [ 0.5, 1.4, 0.5 ],
							"rotationX": 8.0,
							"rotationZ": 2.0,
							"faces": {
								"north": { "texture": "#bulb", "uv": [ 3.5, 8.5, 4.0, 10.0 ] },
								"east": { "texture": "#bulb", "uv": [ 2.0, 8.5, 2.5, 10.0 ] },
								"south": { "texture": "#bulb", "uv": [ 1.5, 8.5, 2.0, 10.0 ] },
								"west": { "texture": "#bulb", "uv": [ 0.5, 8.5, 1.0, 10.0 ] },
								"up": { "texture": "#bulb", "uv": [ 3.0, 8.5, 3.5, 9.0 ] },
								"down": { "texture": "#bulb", "uv": [ 4.0, 11.5, 4.5, 12.0 ], "enabled": false }
							}
						}
					]
				},
				{
					"name": "stage5",
					"from": [ 9.5, 2.6, 7.0 ], 
					"to": [ 10.5, 4.6, 8.0 ], 
					"rotationOrigin": [ 10.0, 4.7, 7.0 ],
					"rotationX": -7.0,
					"rotationZ": -9.0,
					"faces": {
						"north": { "texture": "#bulb", "uv": [ 2.5, 4.0, 3.5, 6.0 ] },
						"east": { "texture": "#bulb", "uv": [ 4.5, 4.0, 5.5, 6.0 ] },
						"south": { "texture": "#bulb", "uv": [ 5.0, 3.5, 6.0, 5.5 ] },
						"west": { "texture": "#bulb", "uv": [ 3.5, 4.0, 4.5, 6.0 ] },
						"up": { "texture": "#bulb", "uv": [ 5.0, 4.0, 6.0, 5.0 ] },
						"down": { "texture": "#bulb", "uv": [ 2.0, 4.5, 3.0, 5.5 ] }
					},
					"children": [
						{
							"name": "side 39",
							"from": [ -0.7, -0.7, 0.6 ], 
							"to": [ 0.3, 2.3, 1.6 ], 
							"rotationOrigin": [ 0.3, 1.8, 0.6 ],
							"rotationX": 10.000000370993861,
							"rotationY": 1.0,
							"rotationZ": 10.000000370993861,
							"faces": {
								"north": { "texture": "#bulb", "uv": [ 3.5, 3.0, 4.5, 6.0 ] },
								"east": { "texture": "#bulb", "uv": [ 0.0, 2.5, 1.0, 5.5 ] },
								"south": { "texture": "#bulb", "uv": [ 6.0, 3.5, 7.0, 6.5 ] },
								"west": { "texture": "#bulb", "uv": [ 5.0, 2.5, 6.0, 5.5 ] },
								"up": { "texture": "#bulb", "uv": [ 5.5, 2.5, 6.5, 3.5 ] },
								"down": { "texture": "#bulb", "uv": [ 1.5, 6.0, 2.5, 7.0 ] }
							}
						},
						{
							"name": "side 40",
							"from": [ 0.7, -0.7, 0.6 ], 
							"to": [ 1.7, 2.3, 1.6 ], 
							"rotationOrigin": [ 0.7, 1.8, 0.6 ],
							"rotationX": 10.000000370993861,
							"rotationZ": -10.000000370993861,
							"faces": {
								"north": { "texture": "#bulb", "uv": [ 4.5, 4.0, 5.5, 7.0 ] },
								"east": { "texture": "#bulb", "uv": [ 6.5, 4.0, 7.5, 7.0 ] },
								"south": { "texture": "#bulb", "uv": [ 0.5, 3.0, 1.5, 6.0 ] },
								"west": { "texture": "#bulb", "uv": [ 0.5, 2.5, 1.5, 5.5 ] },
								"up": { "texture": "#bulb", "uv": [ 4.5, 3.5, 5.5, 4.5 ] },
								"down": { "texture": "#bulb", "uv": [ 2.5, 3.0, 3.5, 4.0 ] }
							}
						},
						{
							"name": "side 41",
							"from": [ 0.7, -0.7, -0.7 ], 
							"to": [ 1.7, 2.3, 0.3 ], 
							"rotationOrigin": [ 0.7, 1.8, 0.3 ],
							"rotationX": -10.000000370993861,
							"rotationY": 1.0,
							"rotationZ": -10.000000370993861,
							"faces": {
								"north": { "texture": "#bulb", "uv": [ 6.0, 2.5, 7.0, 5.5 ] },
								"east": { "texture": "#bulb", "uv": [ 0.5, 2.5, 1.5, 5.5 ] },
								"south": { "texture": "#bulb", "uv": [ 0.0, 3.5, 1.0, 6.5 ] },
								"west": { "texture": "#bulb", "uv": [ 5.0, 2.5, 6.0, 5.5 ] },
								"up": { "texture": "#bulb", "uv": [ 3.0, 3.5, 4.0, 4.5 ] },
								"down": { "texture": "#bulb", "uv": [ 2.5, 5.5, 3.5, 6.5 ] }
							}
						},
						{
							"name": "side 42",
							"from": [ -0.7, -0.7, -0.7 ], 
							"to": [ 0.3, 2.3, 0.3 ], 
							"rotationOrigin": [ 0.3, 1.8, 0.3 ],
							"rotationX": -10.000000370993861,
							"rotationZ": 10.000000370993861,
							"faces": {
								"north": { "texture": "#bulb", "uv": [ 4.5, 2.5, 5.5, 5.5 ] },
								"east": { "texture": "#bulb", "uv": [ 4.5, 4.5, 5.5, 7.5 ] },
								"south": { "texture": "#bulb", "uv": [ 0.5, 2.5, 1.5, 5.5 ] },
								"west": { "texture": "#bulb", "uv": [ 4.5, 4.5, 5.5, 7.5 ] },
								"up": { "texture": "#bulb", "uv": [ 5.5, 4.5, 6.5, 5.5 ] },
								"down": { "texture": "#bulb", "uv": [ 4.0, 6.0, 5.0, 7.0 ] }
							}
						},
						{
							"name": "stem 43",
							"from": [ 0.3, 1.4, 0.3 ], 
							"to": [ 0.7, 2.9, 0.7 ], 
							"rotationOrigin": [ 0.5, 1.4, 0.5 ],
							"rotationX": 8.0,
							"rotationZ": 2.0,
							"faces": {
								"north": { "texture": "#bulb", "uv": [ 1.5, 0.0, 2.0, 1.5 ] },
								"east": { "texture": "#bulb", "uv": [ 4.5, 0.0, 5.0, 1.5 ] },
								"south": { "texture": "#bulb", "uv": [ 0.5, 0.0, 1.0, 1.5 ] },
								"west": { "texture": "#bulb", "uv": [ 2.5, 0.0, 3.0, 1.5 ] },
								"up": { "texture": "#bulb", "uv": [ 7.0, 0.0, 7.5, 0.5 ] },
								"down": { "texture": "#bulb", "uv": [ 4.0, 11.5, 4.5, 12.0 ], "enabled": false }
							}
						}
					]
				},
				{
					"name": "stage6",
					"from": [ 9.5, 4.2, 6.3 ], 
					"to": [ 10.5, 6.2, 7.3 ], 
					"rotationOrigin": [ 10.0, 6.3, 6.3 ],
					"rotationX": -79.0,
					"rotationZ": 2.0,
					"faces": {
						"north": { "texture": "#bulb", "uv": [ 13.5, 3.0, 14.5, 5.0 ] },
						"east": { "texture": "#bulb", "uv": [ 13.0, 4.0, 14.0, 6.0 ] },
						"south": { "texture": "#bulb", "uv": [ 10.0, 3.5, 11.0, 5.5 ] },
						"west": { "texture": "#bulb", "uv": [ 11.0, 2.0, 12.0, 4.0 ] },
						"up": { "texture": "#bulb", "uv": [ 11.0, 2.5, 12.0, 3.5 ] },
						"down": { "texture": "#bulb", "uv": [ 12.0, 4.0, 13.0, 5.0 ] }
					},
					"children": [
						{
							"name": "side 39",
							"from": [ -0.7, -0.7, 0.4 ], 
							"to": [ 0.3, 2.3, 1.4 ], 
							"rotationOrigin": [ 0.3, 1.8, 0.4 ],
							"rotationX": 10.000000370993861,
							"rotationY": 1.0,
							"rotationZ": 10.000000370993861,
							"faces": {
								"north": { "texture": "#bulb", "uv": [ 9.5, 2.5, 10.5, 5.5 ] },
								"east": { "texture": "#bulb", "uv": [ 10.5, 2.0, 11.5, 5.0 ] },
								"south": { "texture": "#bulb", "uv": [ 13.5, 2.0, 14.5, 5.0 ] },
								"west": { "texture": "#bulb", "uv": [ 12.5, 2.5, 13.5, 5.5 ] },
								"up": { "texture": "#bulb", "uv": [ 10.0, 2.5, 11.0, 3.5 ] },
								"down": { "texture": "#bulb", "uv": [ 13.5, 2.5, 14.5, 3.5 ] }
							}
						},
						{
							"name": "side 40",
							"from": [ 0.7, -0.7, 0.4 ], 
							"to": [ 1.7, 2.3, 1.4 ], 
							"rotationOrigin": [ 0.7, 1.8, 0.4 ],
							"rotationX": 10.000000370993861,
							"rotationZ": -10.000000370993861,
							"faces": {
								"north": { "texture": "#bulb", "uv": [ 9.0, 2.0, 10.0, 5.0 ] },
								"east": { "texture": "#bulb", "uv": [ 12.0, 2.0, 13.0, 5.0 ] },
								"south": { "texture": "#bulb", "uv": [ 11.0, 2.0, 12.0, 5.0 ] },
								"west": { "texture": "#bulb", "uv": [ 10.0, 1.5, 11.0, 4.5 ] },
								"up": { "texture": "#bulb", "uv": [ 11.0, 2.0, 12.0, 3.0 ] },
								"down": { "texture": "#bulb", "uv": [ 10.5, 3.5, 11.5, 4.5 ] }
							}
						},
						{
							"name": "side 41",
							"from": [ 0.8, -0.7, -0.7 ], 
							"to": [ 1.8, 2.3, 0.3 ], 
							"rotationOrigin": [ 0.8, 1.8, 0.3 ],
							"rotationX": -10.000000370993861,
							"rotationY": 1.0,
							"rotationZ": -10.000000370993861,
							"faces": {
								"north": { "texture": "#bulb", "uv": [ 9.5, 3.5, 10.5, 6.5 ] },
								"east": { "texture": "#bulb", "uv": [ 13.0, 2.0, 14.0, 5.0 ] },
								"south": { "texture": "#bulb", "uv": [ 13.0, 4.5, 14.0, 7.5 ] },
								"west": { "texture": "#bulb", "uv": [ 13.5, 2.0, 14.5, 5.0 ] },
								"up": { "texture": "#bulb", "uv": [ 11.5, 2.0, 12.5, 3.0 ] },
								"down": { "texture": "#bulb", "uv": [ 11.0, 3.5, 12.0, 4.5 ] }
							}
						},
						{
							"name": "side 42",
							"from": [ -0.8, -0.7, -0.7 ], 
							"to": [ 0.2, 2.3, 0.3 ], 
							"rotationOrigin": [ 0.2, 1.8, 0.3 ],
							"rotationX": -10.000000370993861,
							"rotationZ": 10.000000370993861,
							"faces": {
								"north": { "texture": "#bulb", "uv": [ 11.0, 2.5, 12.0, 5.5 ] },
								"east": { "texture": "#bulb", "uv": [ 10.0, 5.0, 11.0, 8.0 ] },
								"south": { "texture": "#bulb", "uv": [ 14.0, 2.0, 15.0, 5.0 ] },
								"west": { "texture": "#bulb", "uv": [ 12.5, 5.0, 13.5, 8.0 ] },
								"up": { "texture": "#bulb", "uv": [ 13.5, 2.5, 14.5, 3.5 ] },
								"down": { "texture": "#bulb", "uv": [ 12.5, 4.0, 13.5, 5.0 ] }
							}
						},
						{
							"name": "stem 43",
							"from": [ 0.3, 1.4, 0.3 ], 
							"to": [ 0.7, 2.9, 0.7 ], 
							"rotationOrigin": [ 0.5, 1.4, 0.5 ],
							"rotationX": -41.0,
							"faces": {
								"north": { "texture": "#bulb", "uv": [ 12.5, 5.0, 13.0, 6.5 ] },
								"east": { "texture": "#bulb", "uv": [ 10.5, 1.0, 11.0, 2.5 ] },
								"south": { "texture": "#bulb", "uv": [ 10.5, 1.0, 11.0, 2.5 ] },
								"west": { "texture": "#bulb", "uv": [ 11.0, 2.0, 11.5, 3.5 ] },
								"up": { "texture": "#bulb", "uv": [ 9.5, 1.5, 10.0, 2.0 ] },
								"down": { "texture": "#bulb", "uv": [ 4.0, 11.5, 4.5, 12.0 ], "enabled": false }
							}
						}
					]
				}
			]
		}
	]}