{
	"editor": {
		"allAngles": true,
		"entityTextureMode": false
	},
	"textureWidth": 16,
	"textureHeight": 16,
	"textureSizes": {
	},
	"textures": {
		"sproutsandstem": "morecropsfix:block/plant/crop/eggplant/sproutsandstem",
		"eggplant": "morecropsfix:block/plant/crop/eggplant/eggplant"
	},
	"elements": [
		{
			"name": "plantstalk",
			"from": [ 7.6, -0.5, 7.6 ], 
			"to": [ 8.4, 17.5, 8.4 ], 
			"rotationOrigin": [ 8.0, 0.0, 8.0 ],
			"faces": {
				"north": { "texture": "#sproutsandstem", "uv": [ 0.0, 0.0, 1.0, 16.0 ], "autoUv": false, "windMode": [0,4,4,0], "windData": [0,1,1,0] },
				"east": { "texture": "#sproutsandstem", "uv": [ 0.0, 0.0, 1.0, 16.0 ], "autoUv": false, "windMode": [0,4,4,0], "windData": [0,1,1,0] },
				"south": { "texture": "#sproutsandstem", "uv": [ 0.0, 0.0, 1.0, 16.0 ], "autoUv": false, "windMode": [0,0,4,4], "windData": [0,0,1,1] },
				"west": { "texture": "#sproutsandstem", "uv": [ 0.0, 0.0, 1.0, 16.0 ], "autoUv": false, "windMode": [0,0,4,4], "windData": [0,0,1,1] },
				"up": { "texture": "#sproutsandstem", "uv": [ 0.5, 3.5, 1.5, 2.5 ], "autoUv": false, "windMode": [4,4,4,4], "windData": [1,1,1,1] },
				"down": { "texture": "#sproutsandstem", "uv": [ 0.0, 0.0, 0.5, 0.5 ], "enabled": false, "windMode": [0,0,0,0] }
			},
			"children": [
				{
					"name": "leaf1",
					"from": [ 0.1, 16.1, -1.2 ], 
					"to": [ 0.1, 21.6, 2.1 ], 
					"rotationOrigin": [ 0.1, 16.1, 0.4 ],
					"rotationZ": 67.5,
					"faces": {
						"north": { "texture": "#sproutsandstem", "uv": [ 0.0, 0.0, 0.5, 5.5 ], "enabled": false, "windMode": [-1,-1,-1,-1], "windData": [0,1,1,0] },
						"east": { "texture": "#sproutsandstem", "uv": [ 11.5, 9.5, 15.0, 16.0 ], "autoUv": false, "windMode": [4,7,7,4], "windData": [0,1,1,0] },
						"south": { "texture": "#sproutsandstem", "uv": [ 0.0, 0.0, 0.5, 5.5 ], "enabled": false, "windMode": [-1,-1,-1,-1], "windData": [0,0,1,1] },
						"west": { "texture": "#sproutsandstem", "uv": [ 11.5, 9.5, 15.0, 16.0 ], "autoUv": false, "windMode": [4,4,7,7], "windData": [0,0,1,1] },
						"up": { "texture": "#sproutsandstem", "uv": [ 0.0, 0.0, 0.5, 3.0 ], "enabled": false, "windMode": [-1,-1,-1,-1], "windData": [1,1,1,1] },
						"down": { "texture": "#sproutsandstem", "uv": [ 0.0, 0.0, 0.5, 3.0 ], "enabled": false, "windMode": [-1,-1,-1,-1] }
					}
				},
				{
					"name": "leaf2",
					"from": [ 0.7, 16.1, -1.2 ], 
					"to": [ 0.7, 21.6, 2.1 ], 
					"rotationOrigin": [ 0.7, 16.1, 0.4 ],
					"rotationZ": -67.5,
					"faces": {
						"north": { "texture": "#sproutsandstem", "uv": [ 0.0, 0.0, 0.5, 5.5 ], "enabled": false, "windMode": [-1,-1,-1,-1], "windData": [0,1,1,0] },
						"east": { "texture": "#sproutsandstem", "uv": [ 11.5, 9.5, 15.0, 16.0 ], "autoUv": false, "windMode": [4,7,7,4], "windData": [0,1,1,0] },
						"south": { "texture": "#sproutsandstem", "uv": [ 0.0, 0.0, 0.5, 5.5 ], "enabled": false, "windMode": [-1,-1,-1,-1], "windData": [0,0,1,1] },
						"west": { "texture": "#sproutsandstem", "uv": [ 11.5, 9.5, 15.0, 16.0 ], "autoUv": false, "windMode": [4,4,7,7], "windData": [0,0,1,1] },
						"up": { "texture": "#sproutsandstem", "uv": [ 0.0, 0.0, 0.5, 3.0 ], "enabled": false, "windMode": [-1,-1,-1,-1], "windData": [1,1,1,1] },
						"down": { "texture": "#sproutsandstem", "uv": [ 0.0, 0.0, 0.5, 3.0 ], "enabled": false, "windMode": [4,4,7,7] }
					}
				},
				{
					"name": "leaf3",
					"from": [ 0.1, 4.6, -1.6 ], 
					"to": [ 0.1, 14.6, 2.4 ], 
					"rotationOrigin": [ 0.1, 4.6, 0.4 ],
					"rotationZ": 67.5,
					"faces": {
						"north": { "texture": "#sproutsandstem", "uv": [ 0.0, 0.0, 0.5, 10.0 ], "enabled": false, "windMode": [-1,-1,-1,-1] },
						"east": { "texture": "#sproutsandstem", "uv": [ 7.0, 0.5, 11.5, 10.5 ], "autoUv": false, "windMode": [4,1,1,4] },
						"south": { "texture": "#sproutsandstem", "uv": [ 0.0, 0.0, 0.5, 10.0 ], "enabled": false, "windMode": [-1,-1,-1,-1] },
						"west": { "texture": "#sproutsandstem", "uv": [ 7.0, 0.5, 11.5, 10.5 ], "autoUv": false, "windMode": [4,4,1,1] },
						"up": { "texture": "#sproutsandstem", "uv": [ 0.0, 0.0, 0.5, 4.0 ], "enabled": false, "windMode": [-1,-1,-1,-1] },
						"down": { "texture": "#sproutsandstem", "uv": [ 0.0, 0.0, 0.5, 4.0 ], "enabled": false, "windMode": [-1,-1,-1,-1] }
					}
				},
				{
					"name": "leaf4",
					"from": [ 0.7, 4.6, -1.6 ], 
					"to": [ 0.7, 14.6, 2.4 ], 
					"rotationOrigin": [ 0.7, 4.6, 0.4 ],
					"rotationZ": -67.5,
					"faces": {
						"north": { "texture": "#sproutsandstem", "uv": [ 0.0, 0.0, 0.5, 10.0 ], "enabled": false, "windMode": [-1,-1,-1,-1] },
						"east": { "texture": "#sproutsandstem", "uv": [ 7.0, 0.5, 11.5, 10.5 ], "autoUv": false, "windMode": [4,1,1,4] },
						"south": { "texture": "#sproutsandstem", "uv": [ 0.0, 0.0, 0.5, 10.0 ], "enabled": false },
						"west": { "texture": "#sproutsandstem", "uv": [ 7.0, 0.5, 11.5, 10.5 ], "autoUv": false, "windMode": [4,4,1,1] },
						"up": { "texture": "#sproutsandstem", "uv": [ 0.0, 0.0, 0.5, 4.0 ], "enabled": false },
						"down": { "texture": "#sproutsandstem", "uv": [ 0.0, 0.0, 0.5, 4.0 ], "enabled": false }
					}
				},
				{
					"name": "leaf5",
					"from": [ -1.7, 11.0, 0.1 ], 
					"to": [ 2.3, 19.5, 0.1 ], 
					"rotationOrigin": [ 0.4, 11.0, 0.1 ],
					"rotationX": -67.5,
					"faces": {
						"north": { "texture": "#sproutsandstem", "uv": [ 7.0, 0.5, 11.5, 10.5 ], "autoUv": false, "windMode": [4,1,1,4] },
						"east": { "texture": "#sproutsandstem", "uv": [ 0.0, 0.0, 0.5, 8.5 ], "enabled": false, "windMode": [-1,-1,-1,-1] },
						"south": { "texture": "#sproutsandstem", "uv": [ 7.0, 0.5, 11.5, 10.5 ], "autoUv": false, "windMode": [4,4,1,1] },
						"west": { "texture": "#sproutsandstem", "uv": [ 0.0, 0.0, 0.5, 8.5 ], "enabled": false, "windMode": [-1,-1,-1,-1] },
						"up": { "texture": "#sproutsandstem", "uv": [ 0.0, 0.0, 4.0, 0.5 ], "enabled": false, "windMode": [-1,-1,-1,-1] },
						"down": { "texture": "#sproutsandstem", "uv": [ 0.0, 0.0, 4.0, 0.5 ], "enabled": false, "windMode": [-1,-1,-1,-1] }
					}
				},
				{
					"name": "leaf6",
					"from": [ -1.6, 11.0, 0.7 ], 
					"to": [ 2.4, 19.5, 0.7 ], 
					"rotationOrigin": [ 0.4, 11.0, 0.7 ],
					"rotationX": 67.5,
					"faces": {
						"north": { "texture": "#sproutsandstem", "uv": [ 7.0, 0.5, 11.5, 10.5 ], "autoUv": false, "windMode": [4,1,1,4] },
						"east": { "texture": "#sproutsandstem", "uv": [ 0.0, 0.0, 0.5, 8.5 ], "enabled": false, "windMode": [-1,-1,-1,-1] },
						"south": { "texture": "#sproutsandstem", "uv": [ 7.0, 0.5, 11.5, 10.5 ], "autoUv": false, "windMode": [4,4,1,1] },
						"west": { "texture": "#sproutsandstem", "uv": [ 0.0, 0.0, 0.5, 8.5 ], "enabled": false, "windMode": [-1,-1,-1,-1] },
						"up": { "texture": "#sproutsandstem", "uv": [ 0.0, 0.0, 4.0, 0.5 ], "enabled": false, "windMode": [-1,-1,-1,-1] },
						"down": { "texture": "#sproutsandstem", "uv": [ 0.0, 0.0, 4.0, 0.5 ], "enabled": false, "windMode": [-1,-1,-1,-1] }
					}
				},
				{
					"name": "fruitstem1",
					"from": [ 1.0, 12.5, -0.6 ], 
					"to": [ 1.4, 14.5, -0.2 ], 
					"rotationOrigin": [ 1.2, 12.5, -0.4 ],
					"rotationX": 22.5,
					"rotationZ": 22.5,
					"faces": {
						"north": { "texture": "#sproutsandstem", "uv": [ 0.0, 0.0, 0.5, 2.0 ], "windMode": [4,4,4,4] },
						"east": { "texture": "#sproutsandstem", "uv": [ 0.0, 0.0, 0.5, 2.0 ], "windMode": [4,4,4,4] },
						"south": { "texture": "#sproutsandstem", "uv": [ 0.0, 0.0, 0.5, 2.0 ], "windMode": [4,4,4,4] },
						"west": { "texture": "#sproutsandstem", "uv": [ 0.0, 0.0, 0.5, 2.0 ], "windMode": [4,4,4,4] },
						"up": { "texture": "#sproutsandstem", "uv": [ 0.0, 0.0, 0.5, 0.5 ], "enabled": false, "windMode": [4,4,4,4] },
						"down": { "texture": "#sproutsandstem", "uv": [ 0.0, 0.0, 0.5, 0.5 ], "windMode": [4,4,4,4] }
					},
					"children": [
						{
							"name": "eggplanttop1",
							"from": [ -0.4, -4.0, -0.4 ], 
							"to": [ 0.8, 0.1, 0.8 ], 
							"rotationOrigin": [ -0.2, 0.0, -0.2 ],
							"rotationX": -22.0,
							"rotationZ": -8.0,
							"faces": {
								"north": { "texture": "#eggplant", "uv": [ 7.0, 5.0, 10.0, 12.0 ], "autoUv": false, "windMode": [4,4,4,4] },
								"east": { "texture": "#eggplant", "uv": [ 6.0, 4.0, 9.0, 11.0 ], "autoUv": false, "windMode": [4,4,4,4] },
								"south": { "texture": "#eggplant", "uv": [ 7.0, 2.0, 10.0, 9.0 ], "autoUv": false, "windMode": [4,4,4,4] },
								"west": { "texture": "#eggplant", "uv": [ 0.0, 0.0, 3.0, 7.0 ], "autoUv": false, "windMode": [4,4,4,4] },
								"up": { "texture": "#eggplant", "uv": [ 3.0, 5.0, 5.0, 7.0 ], "autoUv": false, "windMode": [4,4,4,4] },
								"down": { "texture": "#eggplant", "uv": [ 4.0, 3.0, 6.0, 5.0 ], "autoUv": false, "windMode": [4,4,4,4] }
							},
							"children": [
								{
									"name": "eggplanttop17",
									"from": [ -0.3, -2.3, -0.3 ], 
									"to": [ 1.5, 0.7, 1.5 ], 
									"rotationOrigin": [ 0.5, 0.7, 0.6 ],
									"rotationX": -7.0,
									"rotationZ": -9.0,
									"faces": {
										"north": { "texture": "#eggplant", "uv": [ 6.0, 4.0, 9.0, 10.0 ], "autoUv": false, "windMode": [4,4,4,4] },
										"east": { "texture": "#eggplant", "uv": [ 7.0, 4.0, 9.5, 10.0 ], "autoUv": false, "windMode": [4,4,4,4] },
										"south": { "texture": "#eggplant", "uv": [ 7.0, 2.0, 10.0, 8.0 ], "autoUv": false, "windMode": [4,4,4,4] },
										"west": { "texture": "#eggplant", "uv": [ 4.0, 4.0, 7.0, 10.0 ], "autoUv": false, "windMode": [4,4,4,4] },
										"up": { "texture": "#eggplant", "uv": [ 3.0, 2.0, 6.0, 5.0 ], "autoUv": false, "windMode": [4,4,4,4] },
										"down": { "texture": "#eggplant", "uv": [ 3.0, 1.0, 6.0, 4.0 ], "autoUv": false, "windMode": [4,4,4,4] }
									}
								},
								{
									"name": "eggplanttop21",
									"from": [ -0.1, 3.2, -0.1 ], 
									"to": [ 1.3, 4.2, 1.3 ], 
									"rotationOrigin": [ 0.1, 7.2, 0.1 ],
									"rotationX": 0.0,
									"rotationY": 0.0,
									"rotationZ": 0.0,
									"faces": {
										"north": { "texture": "#sproutsandstem", "uv": [ 8.5, 4.5, 10.0, 5.5 ], "autoUv": false, "windMode": [4,4,4,4] },
										"east": { "texture": "#sproutsandstem", "uv": [ 8.5, 6.0, 10.0, 7.0 ], "autoUv": false, "windMode": [4,4,4,4] },
										"south": { "texture": "#sproutsandstem", "uv": [ 8.0, 4.5, 9.5, 5.5 ], "autoUv": false, "windMode": [4,4,4,4] },
										"west": { "texture": "#sproutsandstem", "uv": [ 0.0, 6.0, 1.5, 7.0 ], "autoUv": false, "windMode": [4,4,4,4] },
										"up": { "texture": "#sproutsandstem", "uv": [ 8.5, 5.5, 10.0, 6.5 ], "autoUv": false, "windMode": [4,4,4,4] },
										"down": { "texture": "#sproutsandstem", "uv": [ 0.5, 5.0, 2.0, 6.0 ], "autoUv": false, "windMode": [4,4,4,4] }
									}
								}
							]
						}
					]
				},
				{
					"name": "fruitstem2",
					"from": [ -0.6, 9.5, 1.0 ], 
					"to": [ -0.2, 11.5, 1.4 ], 
					"rotationOrigin": [ -0.4, 9.5, 1.2 ],
					"rotationX": -22.5,
					"rotationZ": -22.5,
					"faces": {
						"north": { "texture": "#sproutsandstem", "uv": [ 0.0, 0.0, 0.5, 2.0 ], "windMode": [4,4,4,4] },
						"east": { "texture": "#sproutsandstem", "uv": [ 0.0, 0.0, 0.5, 2.0 ], "windMode": [4,4,4,4] },
						"south": { "texture": "#sproutsandstem", "uv": [ 0.0, 0.0, 0.5, 2.0 ], "windMode": [4,4,4,4] },
						"west": { "texture": "#sproutsandstem", "uv": [ 0.0, 0.0, 0.5, 2.0 ], "windMode": [4,4,4,4] },
						"up": { "texture": "#sproutsandstem", "uv": [ 0.0, 0.0, 0.5, 0.5 ], "enabled": false, "windMode": [-1,-1,-1,-1] },
						"down": { "texture": "#sproutsandstem", "uv": [ 0.0, 0.0, 0.5, 0.5 ], "windMode": [4,4,4,4] }
					},
					"children": [
						{
							"name": "eggplanttop2",
							"from": [ -0.4, -4.0, -0.4 ], 
							"to": [ 0.8, 0.1, 0.8 ], 
							"rotationOrigin": [ -0.2, 0.0, -0.2 ],
							"rotationX": 14.0,
							"rotationZ": 19.0,
							"faces": {
								"north": { "texture": "#eggplant", "uv": [ 11.0, 4.0, 14.0, 12.0 ], "autoUv": false, "windMode": [4,4,4,4] },
								"east": { "texture": "#eggplant", "uv": [ 6.0, 3.0, 9.0, 11.0 ], "autoUv": false, "windMode": [4,4,4,4] },
								"south": { "texture": "#eggplant", "uv": [ 4.0, 2.0, 7.0, 10.0 ], "autoUv": false, "windMode": [4,4,4,4] },
								"west": { "texture": "#eggplant", "uv": [ 7.0, 6.0, 10.0, 14.0 ], "autoUv": false, "windMode": [4,4,4,4] },
								"up": { "texture": "#eggplant", "uv": [ 2.0, 10.0, 4.0, 12.0 ], "autoUv": false, "windMode": [4,4,4,4] },
								"down": { "texture": "#eggplant", "uv": [ 1.0, 3.0, 3.0, 5.0 ], "autoUv": false, "windMode": [4,4,4,4] }
							},
							"children": [
								{
									"name": "eggplanttop18",
									"from": [ -0.3377, -2.3, -0.2911 ], 
									"to": [ 1.4623, 0.7, 1.5089 ], 
									"rotationOrigin": [ 0.5623, 0.7026, 0.6089 ],
									"rotationX": 11.0,
									"rotationZ": 3.0,
									"faces": {
										"north": { "texture": "#eggplant", "uv": [ 5.0, 4.0, 8.5, 9.0 ], "autoUv": false, "windMode": [4,4,4,4] },
										"east": { "texture": "#eggplant", "uv": [ 10.0, 8.0, 13.0, 13.0 ], "autoUv": false, "windMode": [4,4,4,4] },
										"south": { "texture": "#eggplant", "uv": [ 5.0, 3.0, 8.0, 9.0 ], "autoUv": false, "windMode": [4,4,4,4] },
										"west": { "texture": "#eggplant", "uv": [ 5.0, 5.0, 8.0, 10.0 ], "autoUv": false, "windMode": [4,4,4,4] },
										"up": { "texture": "#eggplant", "uv": [ 4.0, 4.0, 7.0, 7.0 ], "autoUv": false, "windMode": [4,4,4,4] },
										"down": { "texture": "#eggplant", "uv": [ 2.0, 2.0, 5.0, 5.0 ], "autoUv": false, "windMode": [4,4,4,4] }
									}
								},
								{
									"name": "eggplanttop22",
									"from": [ -0.1, 3.2, -0.1 ], 
									"to": [ 1.3, 4.2, 1.3 ], 
									"rotationOrigin": [ 0.1, 7.2, 0.1 ],
									"rotationX": 0.0,
									"rotationY": 0.0,
									"rotationZ": 0.0,
									"faces": {
										"north": { "texture": "#sproutsandstem", "uv": [ 9.0, 6.0, 10.5, 7.0 ], "autoUv": false, "windMode": [4,4,4,4] },
										"east": { "texture": "#sproutsandstem", "uv": [ 8.5, 5.5, 10.0, 6.5 ], "autoUv": false, "windMode": [4,4,4,4] },
										"south": { "texture": "#sproutsandstem", "uv": [ 8.5, 5.0, 10.0, 6.0 ], "autoUv": false, "windMode": [4,4,4,4] },
										"west": { "texture": "#sproutsandstem", "uv": [ 0.5, 9.0, 2.0, 10.0 ], "autoUv": false, "windMode": [4,4,4,4] },
										"up": { "texture": "#sproutsandstem", "uv": [ 0.5, 10.5, 2.0, 11.5 ], "autoUv": false, "windMode": [4,4,4,4] },
										"down": { "texture": "#sproutsandstem", "uv": [ 7.5, 5.0, 9.0, 6.0 ], "autoUv": false }
									}
								}
							]
						}
					]
				},
				{
					"name": "fruitstem3",
					"from": [ 0.0, 6.4, -0.8 ], 
					"to": [ 0.4, 8.4, -0.4 ], 
					"rotationOrigin": [ 0.2, 6.4, -0.6 ],
					"rotationX": 30.0,
					"rotationY": 28.0,
					"rotationZ": -5.0,
					"faces": {
						"north": { "texture": "#sproutsandstem", "uv": [ 0.0, 0.0, 0.5, 2.0 ], "windMode": [4,4,4,4] },
						"east": { "texture": "#sproutsandstem", "uv": [ 0.0, 0.0, 0.5, 2.0 ], "windMode": [4,4,4,4] },
						"south": { "texture": "#sproutsandstem", "uv": [ 0.0, 0.0, 0.5, 2.0 ], "windMode": [4,4,4,4] },
						"west": { "texture": "#sproutsandstem", "uv": [ 0.0, 0.0, 0.5, 2.0 ], "windMode": [4,4,4,4] },
						"up": { "texture": "#sproutsandstem", "uv": [ 0.0, 0.0, 0.5, 0.5 ], "windMode": [4,4,4,4] },
						"down": { "texture": "#sproutsandstem", "uv": [ 0.0, 0.0, 0.5, 0.5 ], "windMode": [4,4,4,4] }
					},
					"children": [
						{
							"name": "eggplanttop3",
							"from": [ -0.4, -4.0, -0.4 ], 
							"to": [ 0.8, 0.1, 0.8 ], 
							"rotationOrigin": [ -0.2, 0.0, -0.2 ],
							"rotationX": -22.5,
							"faces": {
								"north": { "texture": "#eggplant", "uv": [ 9.0, 6.0, 12.0, 13.0 ], "autoUv": false, "windMode": [4,4,4,4] },
								"east": { "texture": "#eggplant", "uv": [ 4.0, 5.0, 7.0, 12.0 ], "autoUv": false, "windMode": [4,4,4,4] },
								"south": { "texture": "#eggplant", "uv": [ 5.0, 2.0, 8.0, 9.0 ], "autoUv": false, "windMode": [4,4,4,4] },
								"west": { "texture": "#eggplant", "uv": [ 5.0, 6.0, 8.0, 13.0 ], "autoUv": false, "windMode": [4,4,4,4] },
								"up": { "texture": "#eggplant", "uv": [ 2.0, 9.0, 4.0, 11.0 ], "autoUv": false, "windMode": [4,4,4,4] },
								"down": { "texture": "#eggplant", "uv": [ 3.0, 3.0, 5.0, 5.0 ], "autoUv": false, "windMode": [4,4,4,4] }
							},
							"children": [
								{
									"name": "eggplanttop19",
									"from": [ -0.3, -2.2, -0.3 ], 
									"to": [ 1.5, 0.8, 1.5 ], 
									"rotationOrigin": [ 0.6, 0.8, 0.6 ],
									"rotationZ": 14.0,
									"faces": {
										"north": { "texture": "#eggplant", "uv": [ 4.0, 4.0, 7.0, 11.0 ], "autoUv": false, "windMode": [0,4,4,0] },
										"east": { "texture": "#eggplant", "uv": [ 8.0, 2.0, 11.0, 9.0 ], "autoUv": false, "windMode": [0,4,4,0] },
										"south": { "texture": "#eggplant", "uv": [ 4.0, 2.0, 7.0, 10.0 ], "autoUv": false, "windMode": [0,0,4,4] },
										"west": { "texture": "#eggplant", "uv": [ 5.0, 5.0, 8.0, 12.0 ], "autoUv": false, "windMode": [0,0,4,4] },
										"up": { "texture": "#eggplant", "uv": [ 5.0, 4.0, 7.0, 6.0 ], "autoUv": false, "windMode": [4,4,4,4] },
										"down": { "texture": "#eggplant", "uv": [ 7.0, 2.0, 9.0, 4.0 ], "autoUv": false, "windMode": [0,0,0,0] }
									}
								},
								{
									"name": "eggplanttop20",
									"from": [ -0.1, 3.3, -0.1 ], 
									"to": [ 1.3, 4.3, 1.3 ], 
									"rotationOrigin": [ 0.1, 7.3, 0.1 ],
									"rotationX": 0.0,
									"rotationY": 0.0,
									"rotationZ": 0.0,
									"faces": {
										"north": { "texture": "#sproutsandstem", "uv": [ 8.5, 5.5, 10.0, 6.5 ], "autoUv": false, "windMode": [4,4,4,4] },
										"east": { "texture": "#sproutsandstem", "uv": [ 0.5, 5.0, 2.0, 6.0 ], "autoUv": false, "windMode": [4,4,4,4] },
										"south": { "texture": "#sproutsandstem", "uv": [ 9.5, 5.5, 11.0, 6.5 ], "autoUv": false, "windMode": [4,4,4,4] },
										"west": { "texture": "#sproutsandstem", "uv": [ 0.5, 10.0, 2.0, 11.0 ], "autoUv": false, "windMode": [4,4,4,4] },
										"up": { "texture": "#sproutsandstem", "uv": [ 0.5, 6.5, 2.0, 7.5 ], "autoUv": false, "windMode": [4,4,4,4] },
										"down": { "texture": "#sproutsandstem", "uv": [ 0.0, 4.5, 1.5, 5.5 ], "autoUv": false, "windMode": [4,4,4,4] }
									}
								}
							]
						}
					]
				}
			]
		}
	]}