{
	"editor": {
		"allAngles": false,
		"entityTextureMode": false
	},
	"textureWidth": 16,
	"textureHeight": 16,
	"textureSizes": {
	},
	"textures": {
		"stemandlsmallleaves": "morecropsfix:block/plant/crop/jalapeno/stemandlsmallleaves"
	},
	"elements": [
		{
			"name": "stem",
			"from": [ 7.6, -0.1, 7.6 ], 
			"to": [ 8.4, 8.9, 8.4 ], 
			"rotationOrigin": [ 7.9, -0.1, 7.9 ],
			"faces": {
				"north": { "texture": "#stemandlsmallleaves", "uv": [ 0.0, 4.0, 1.0, 15.0 ], "autoUv": false, "windMode": [0,4,4,0] },
				"east": { "texture": "#stemandlsmallleaves", "uv": [ 0.5, 3.5, 1.5, 14.5 ], "autoUv": false, "windMode": [0,4,4,0] },
				"south": { "texture": "#stemandlsmallleaves", "uv": [ 0.5, 3.5, 1.5, 14.5 ], "autoUv": false, "windMode": [0,0,4,4] },
				"west": { "texture": "#stemandlsmallleaves", "uv": [ 0.5, 4.0, 1.5, 15.0 ], "autoUv": false, "windMode": [0,0,4,4] },
				"up": { "texture": "#stemandlsmallleaves", "uv": [ 0.5, 5.0, 1.5, 6.0 ], "autoUv": false, "windMode": [4,4,4,4] },
				"down": { "texture": "#stemandlsmallleaves", "uv": [ 0.0, 0.0, 0.5, 0.5 ], "enabled": false, "windMode": [0,0,0,0] }
			},
			"children": [
				{
					"name": "leaf 1",
					"from": [ 0.1, 2.9, -0.8 ], 
					"to": [ 0.1, 5.9, 1.6 ], 
					"rotationOrigin": [ 0.1, 2.9, -0.1 ],
					"rotationZ": 67.5,
					"faces": {
						"north": { "texture": "#null", "uv": [ 0.0, 0.0, 0.5, 3.0 ], "enabled": false, "windMode": [-1,-1,-1,-1] },
						"east": { "texture": "#stemandlsmallleaves", "uv": [ 11.0, 12.0, 13.5, 16.0 ], "autoUv": false, "windMode": [4,7,7,4] },
						"south": { "texture": "#null", "uv": [ 0.0, 0.0, 0.5, 3.0 ], "enabled": false, "windMode": [-1,-1,-1,-1] },
						"west": { "texture": "#null", "uv": [ 0.0, 0.0, 2.0, 3.0 ], "enabled": false, "windMode": [-1,-1,-1,-1] },
						"up": { "texture": "#null", "uv": [ 0.0, 0.0, 0.5, 2.0 ], "enabled": false, "windMode": [-1,-1,-1,-1] },
						"down": { "texture": "#null", "uv": [ 0.0, 0.0, 0.5, 2.0 ], "enabled": false, "windMode": [-1,-1,-1,-1] }
					}
				},
				{
					"name": "leaf 2",
					"from": [ 0.7, 2.9, -0.8 ], 
					"to": [ 0.7, 5.9, 1.6 ], 
					"rotationOrigin": [ 0.7, 2.9, -0.1 ],
					"rotationZ": -67.5,
					"faces": {
						"north": { "texture": "#null", "uv": [ 0.0, 0.0, 0.5, 3.0 ], "enabled": false, "windMode": [-1,-1,-1,-1] },
						"east": { "texture": "#null", "uv": [ 0.0, 0.0, 2.0, 3.0 ], "enabled": false, "windMode": [-1,-1,-1,-1] },
						"south": { "texture": "#null", "uv": [ 0.0, 0.0, 0.5, 3.0 ], "enabled": false, "windMode": [-1,-1,-1,-1] },
						"west": { "texture": "#stemandlsmallleaves", "uv": [ 11.0, 12.0, 13.5, 16.0 ], "autoUv": false, "windMode": [4,4,7,7] },
						"up": { "texture": "#null", "uv": [ 0.0, 0.0, 0.5, 2.0 ], "enabled": false, "windMode": [-1,-1,-1,-1] },
						"down": { "texture": "#null", "uv": [ 0.0, 0.0, 0.5, 2.0 ], "enabled": false, "windMode": [-1,-1,-1,-1] }
					}
				},
				{
					"name": "leaf 3",
					"from": [ -0.6, 6.4, 0.1 ], 
					"to": [ 1.4, 9.9, 0.1 ], 
					"rotationOrigin": [ 0.0, 6.4, 0.1 ],
					"rotationX": -67.5,
					"faces": {
						"north": { "texture": "#null", "uv": [ 0.0, 0.0, 2.0, 3.5 ], "enabled": false, "windMode": [-1,-1,-1,-1] },
						"east": { "texture": "#null", "uv": [ 0.0, 0.0, 0.5, 3.5 ], "enabled": false, "windMode": [-1,-1,-1,-1] },
						"south": { "texture": "#stemandlsmallleaves", "uv": [ 7.0, 10.5, 10.5, 16.0 ], "autoUv": false, "windMode": [4,4,1,1] },
						"west": { "texture": "#null", "uv": [ 0.0, 0.0, 0.5, 3.5 ], "enabled": false, "windMode": [-1,-1,-1,-1] },
						"up": { "texture": "#null", "uv": [ 0.0, 0.0, 2.0, 0.5 ], "enabled": false, "windMode": [-1,-1,-1,-1] },
						"down": { "texture": "#null", "uv": [ 0.0, 0.0, 2.0, 0.5 ], "enabled": false, "windMode": [-1,-1,-1,-1] }
					}
				},
				{
					"name": "leaf 4",
					"from": [ -0.6, 6.4, 0.7 ], 
					"to": [ 1.4, 9.9, 0.7 ], 
					"rotationOrigin": [ 0.0, 6.4, 0.7 ],
					"rotationX": 67.5,
					"faces": {
						"north": { "texture": "#stemandlsmallleaves", "uv": [ 7.0, 10.5, 10.5, 16.0 ], "autoUv": false, "windMode": [4,1,1,4] },
						"east": { "texture": "#null", "uv": [ 0.0, 0.0, 0.5, 3.5 ], "enabled": false, "windMode": [-1,-1,-1,-1] },
						"south": { "texture": "#null", "uv": [ 0.0, 0.0, 2.0, 3.5 ], "enabled": false, "windMode": [-1,-1,-1,-1] },
						"west": { "texture": "#null", "uv": [ 0.0, 0.0, 0.5, 3.5 ], "enabled": false, "windMode": [-1,-1,-1,-1] },
						"up": { "texture": "#null", "uv": [ 0.0, 0.0, 2.0, 0.5 ], "enabled": false, "windMode": [-1,-1,-1,-1] },
						"down": { "texture": "#null", "uv": [ 0.0, 0.0, 2.0, 0.5 ], "enabled": false, "windMode": [-1,-1,-1,-1] }
					}
				},
				{
					"name": "leaf 5",
					"from": [ 0.1, 5.4, -0.7 ], 
					"to": [ 0.1, 8.9, 1.5 ], 
					"rotationOrigin": [ 0.1, 5.4, 0.0 ],
					"rotationZ": 67.5,
					"faces": {
						"north": { "texture": "#null", "uv": [ 0.0, 0.0, 0.5, 3.5 ], "enabled": false },
						"east": { "texture": "#stemandlsmallleaves", "uv": [ 7.0, 10.5, 10.5, 16.0 ], "autoUv": false, "windMode": [4,1,1,4] },
						"south": { "texture": "#null", "uv": [ 0.0, 0.0, 0.5, 3.5 ], "enabled": false },
						"west": { "texture": "#null", "uv": [ 0.0, 0.0, 2.0, 3.5 ], "enabled": false, "windMode": [-1,-1,-1,-1] },
						"up": { "texture": "#null", "uv": [ 0.0, 0.0, 0.5, 2.0 ], "enabled": false },
						"down": { "texture": "#null", "uv": [ 0.0, 0.0, 0.5, 2.0 ], "enabled": false }
					}
				},
				{
					"name": "leaf 6",
					"from": [ 0.7, 5.4, -0.7 ], 
					"to": [ 0.7, 8.9, 1.5 ], 
					"rotationOrigin": [ 0.7, 5.4, 0.0 ],
					"rotationZ": -67.5,
					"faces": {
						"north": { "texture": "#null", "uv": [ 0.0, 0.0, 0.5, 3.5 ], "enabled": false, "windMode": [-1,-1,-1,-1] },
						"east": { "texture": "#null", "uv": [ 0.0, 0.0, 2.0, 3.5 ], "enabled": false, "windMode": [-1,-1,-1,-1] },
						"south": { "texture": "#null", "uv": [ 0.0, 0.0, 0.5, 3.5 ], "enabled": false },
						"west": { "texture": "#stemandlsmallleaves", "uv": [ 7.0, 10.5, 10.5, 16.0 ], "autoUv": false, "windMode": [4,4,1,1] },
						"up": { "texture": "#null", "uv": [ 0.0, 0.0, 0.5, 2.0 ], "enabled": false },
						"down": { "texture": "#null", "uv": [ 0.0, 0.0, 0.5, 2.0 ], "enabled": false }
					}
				},
				{
					"name": "leaf 7",
					"from": [ 0.1, 8.6, -0.4 ], 
					"to": [ 0.1, 10.6, 1.2 ], 
					"rotationOrigin": [ 0.1, 8.6, 0.3 ],
					"rotationZ": 67.5,
					"faces": {
						"north": { "texture": "#null", "uv": [ 0.0, 0.0, 0.5, 2.0 ], "enabled": false },
						"east": { "texture": "#stemandlsmallleaves", "uv": [ 11.0, 11.5, 13.5, 14.5 ], "autoUv": false, "windMode": [4,1,1,4] },
						"south": { "texture": "#null", "uv": [ 0.0, 0.0, 0.5, 2.0 ], "enabled": false },
						"west": { "texture": "#null", "uv": [ 0.0, 0.0, 1.5, 2.0 ], "enabled": false, "windMode": [-1,-1,-1,-1] },
						"up": { "texture": "#null", "uv": [ 0.0, 0.0, 0.5, 1.5 ], "enabled": false },
						"down": { "texture": "#null", "uv": [ 0.0, 0.0, 0.5, 1.5 ], "enabled": false }
					}
				},
				{
					"name": "leaf 8",
					"from": [ 0.7, 8.6, -0.4 ], 
					"to": [ 0.7, 10.6, 1.2 ], 
					"rotationOrigin": [ 0.7, 8.6, 0.3 ],
					"rotationZ": -67.5,
					"faces": {
						"north": { "texture": "#null", "uv": [ 0.0, 0.0, 0.5, 2.0 ], "enabled": false },
						"east": { "texture": "#null", "uv": [ 0.0, 0.0, 1.5, 2.0 ], "enabled": false },
						"south": { "texture": "#null", "uv": [ 0.0, 0.0, 0.5, 2.0 ], "enabled": false },
						"west": { "texture": "#stemandlsmallleaves", "uv": [ 11.0, 11.5, 13.5, 14.5 ], "autoUv": false, "windMode": [4,4,1,1] },
						"up": { "texture": "#null", "uv": [ 0.0, 0.0, 0.5, 1.5 ], "enabled": false },
						"down": { "texture": "#null", "uv": [ 0.0, 0.0, 0.5, 1.5 ], "enabled": false }
					}
				},
				{
					"name": "branch 1",
					"from": [ 0.1, 6.5, 0.1 ], 
					"to": [ 0.7, 10.5, 0.7 ], 
					"rotationOrigin": [ 0.4, 6.5, 0.4 ],
					"rotationY": -22.5,
					"rotationZ": 67.5,
					"faces": {
						"north": { "texture": "#stemandlsmallleaves", "uv": [ 0.5, 5.5, 1.5, 11.0 ], "autoUv": false, "windMode": [4,4,4,4] },
						"east": { "texture": "#stemandlsmallleaves", "uv": [ 0.5, 2.5, 1.5, 8.0 ], "autoUv": false, "windMode": [4,4,4,4] },
						"south": { "texture": "#stemandlsmallleaves", "uv": [ 0.5, 3.0, 1.5, 8.5 ], "autoUv": false, "windMode": [4,4,4,4] },
						"west": { "texture": "#stemandlsmallleaves", "uv": [ 0.5, 4.0, 1.5, 9.5 ], "autoUv": false, "windMode": [4,4,4,4] },
						"up": { "texture": "#stemandlsmallleaves", "uv": [ 0.5, 2.5, 1.5, 3.5 ], "autoUv": false, "windMode": [4,4,4,4] },
						"down": { "texture": "#stemandlsmallleaves", "uv": [ 0.5, 2.0, 1.5, 3.0 ], "autoUv": false, "windMode": [4,4,4,4] }
					},
					"children": [
						{
							"name": "leaf 9",
							"from": [ 0.3424, 3.556, -0.45 ], 
							"to": [ 0.3424, 5.556, 1.05 ], 
							"rotationOrigin": [ 0.3424, 3.556, 0.247 ],
							"rotationZ": -45.0,
							"faces": {
								"north": { "texture": "#stemandlsmallleaves", "uv": [ 0.0, 0.0, 0.5, 2.0 ], "enabled": false },
								"east": { "texture": "#stemandlsmallleaves", "uv": [ 14.0, 12.5, 15.5, 15.5 ], "autoUv": false, "windMode": [4,1,1,4] },
								"south": { "texture": "#stemandlsmallleaves", "uv": [ 0.0, 0.0, 0.5, 2.0 ], "enabled": false },
								"west": { "texture": "#stemandlsmallleaves", "uv": [ 0.0, 0.0, 1.5, 2.0 ], "enabled": false, "windMode": [4,4,1,1] },
								"up": { "texture": "#stemandlsmallleaves", "uv": [ 0.0, 0.0, 0.5, 1.5 ], "enabled": false },
								"down": { "texture": "#stemandlsmallleaves", "uv": [ 0.0, 0.0, 0.5, 1.5 ], "enabled": false }
							}
						}
					]
				},
				{
					"name": "branch 2",
					"from": [ 0.1, 6.5, 0.1 ], 
					"to": [ 0.7, 10.5, 0.7 ], 
					"rotationOrigin": [ 0.4, 6.5, 0.4 ],
					"rotationY": -45.0,
					"rotationZ": -67.5,
					"faces": {
						"north": { "texture": "#stemandlsmallleaves", "uv": [ 0.5, 6.0, 1.5, 11.5 ], "autoUv": false, "windMode": [4,4,4,4] },
						"east": { "texture": "#stemandlsmallleaves", "uv": [ 0.5, 6.5, 1.5, 12.0 ], "autoUv": false, "windMode": [4,4,4,4] },
						"south": { "texture": "#stemandlsmallleaves", "uv": [ 0.5, 4.5, 1.5, 10.0 ], "autoUv": false, "windMode": [4,4,4,4] },
						"west": { "texture": "#stemandlsmallleaves", "uv": [ 0.5, 4.0, 1.5, 9.5 ], "autoUv": false, "windMode": [4,4,4,4] },
						"up": { "texture": "#stemandlsmallleaves", "uv": [ 0.5, 7.0, 1.5, 8.0 ], "autoUv": false, "windMode": [4,4,4,4] },
						"down": { "texture": "#stemandlsmallleaves", "uv": [ 0.5, 4.0, 1.5, 5.0 ], "autoUv": false, "windMode": [4,4,4,4] }
					}
				},
				{
					"name": "leaf 10",
					"from": [ 2.7, 8.0, 1.9 ], 
					"to": [ 2.7, 10.0, 3.4 ], 
					"rotationOrigin": [ 2.7, 8.0, 2.6 ],
					"rotationY": -45.0,
					"rotationZ": -22.5,
					"faces": {
						"north": { "texture": "#null", "uv": [ 0.0, 0.0, 0.5, 2.0 ], "enabled": false },
						"east": { "texture": "#stemandlsmallleaves", "uv": [ 14.0, 12.5, 15.5, 15.5 ], "enabled": false, "autoUv": false, "windMode": [4,1,1,4] },
						"south": { "texture": "#null", "uv": [ 0.0, 0.0, 0.5, 2.0 ], "enabled": false },
						"west": { "texture": "#stemandlsmallleaves", "uv": [ 14.0, 12.5, 15.5, 15.5 ], "autoUv": false, "windMode": [4,4,1,1] },
						"up": { "texture": "#null", "uv": [ 0.0, 0.0, 0.5, 1.5 ], "enabled": false },
						"down": { "texture": "#null", "uv": [ 0.0, 0.0, 0.5, 1.5 ], "enabled": false }
					}
				}
			]
		}
	]}