[

	{
		"enabled": false,
		"ingredients": [
			{
				"inputs": [
					{
						"type": "item",
						"code": "game:waterportion",
						"quantity": 10
					},
					{
						"type": "item",
						"code": "expandedfoods:brothportion-*",
						"quantity": 10
					}
				]
			},
			{
				"inputs": [
					{
						"type": "item",
						"code": "morecropsfix:flour-*",
						"quantity": 1,
						"name": "grain"
					}
				]
			},
			{
				"inputs": [
					{
						"type": "item",
						"code": "game:salt",
						"quantity": 1
					}
				]
			}
		],
		"output": {
			"type": "item",
			"code": "expandedfoods:hardtack-{grain}-raw",
			"stackSize": 1
		}
	},
	{
		"enabled": false,
		"ingredients": [
			{
				"inputs": [
					{
						"type": "item",
						"code": "game:waterportion",
						"quantity": 10
					},
					{
						"type": "item",
						"code": "expandedfoods:brothportion-*",
						"quantity": 10
					}
				]
			},
			{
				"inputs": [
					{
						"type": "item",
						"code": "morecropsfix:flour-*",
						"quantity": 1,
						"name": "grain"
					}
				]
			},
			{
				"inputs": [
					{
						"type": "item",
						"code": "game:salt",
						"quantity": 1
					}
				]
			},
			{
				"inputs": [
					{
						"type": "item",
						"code": "aculinaryartillery:eggyolkfullportion-*",
						"quantity": 10
					}
				]
			}
		],
		"output": {
			"type": "item",
			"code": "expandedfoods:hardtack-{grain}-raw",
			"stackSize": 1
		}
	}
]