{
	"code": "bread",
	"maxstacksizeByType": {
		"*-charred": 48,
		"*": 32
	},
	"variantgroups": [
		{
			"code": "type",
			"states": [ "oat", "corn" ]
		},
		{
			"code": "state",
			"states": [ "partbaked", "perfect", "charred" ]
		}
	],
	"shape": { "base": "morecropsfix:item/food/bread/bread" },
	"texturesbytype": {
		"*-partbaked": {
			"bread": {
				"base": "item/food/grain/{type}bread-partbaked"
			}
		},
		"*-perfect": {
				"bread": {
					"base": "item/food/grain/{type}bread-perfect"
				}
			},
		"*-charred": {
				"bread": {
					"base": "item/food/grain/{type}bread-charred"
				}
			}
		},
	"creativeinventory": {
		"general": [ "*" ],
		"items": [ "*" ]
	},
	"attributesByType": {
		"*-partbaked": {
			"displaycaseable": true,
			"shelvable": true,
			"bakingProperties": {
				"temp": 160,
				"levelFrom": 0.25,
				"levelTo": 0.5,
				"startScaleY": 0.95,
				"endScaleY": 1.10,
				"resultCode": "morecropsfix:bread-{type}-perfect",
				"initialCode": "morecropsfix:dough-{type}"
			}
		},
		"*-perfect": {
			"displaycaseable": true,
			"shelvable": true,
			"bakingProperties": {
				"temp": 160,
				"levelFrom": 0.5,
				"levelTo": 0.75,
				"startScaleY": 1.10,
				"endScaleY": 1.13,
				"resultCode": "morecropsfix:bread-{type}-charred",
				"initialCode": "morecropsfix:bread-{type}-partbaked"
			}
		},
		"*-charred": {
			"displaycaseable": true,
			"shelvable": true,
			"bakingProperties": {
				"temp": 160,
				"levelFrom": 0.75,
				"levelTo": 1,
				"startScaleY": 1.13,
				"endScaleY": 1.10,
				"initialCode": "morecropsfix:bread-{type}-perfect"
			}
		}
	},
	"combustiblePropsByType": {
		"*-partbaked": {
			"meltingPoint": 200,
			"meltingDuration": 15,
			"smeltedRatio": 1,
			"smeltingType": "bake",
			"smeltedStack": {
				"type": "item",
				"code": "morecropsfix:bread-{type}-charred"
			},
			"requiresContainer": false
		},
		"*-perfect": {
			"meltingPoint": 200,
			"meltingDuration": 15,
			"smeltedRatio": 1,
			"smeltingType": "bake",
			"smeltedStack": {
				"type": "item",
				"code": "morecropsfix:bread-{type}-charred"
			},
			"requiresContainer": false
		}
	},
	"nutritionPropsByType": {
		"*-oat-partbaked": {
			"saturation": 70,
			"foodcategory": "Grain"
		},
		"*-oat-perfect": {
			"saturation": 160,
			"foodcategory": "Grain"
		},
		"*-oat-charred": {
			"saturation": 100,
			"foodcategory": "Grain"
		},
		"*-partbaked": {
			"saturation": 150,
			"foodcategory": "Grain"
		},
		"*-perfect": {
			"saturation": 300,
			"foodcategory": "Grain"
		},
		"*-charred": {
			"saturation": 210,
			"foodcategory": "Grain"
		}
	},
	"transitionablePropsByType": {
		"*-partbaked": [
			{
				"type": "Perish",
				"freshHours": { "avg": 120 },
				"transitionHours": { "avg": 24 },
				"transitionedStack": {
					"type": "item",
					"code": "game:rot"
				},
				"transitionRatio": 1
			}
		],
		"*-perfect": [
			{
				"type": "Perish",
				"freshHours": { "avg": 192 },
				"transitionHours": { "avg": 36 },
				"transitionedStack": {
					"type": "item",
					"code": "game:rot"
				},
				"transitionRatio": 1
			}
		],
		"*-charred": [
			{
				"type": "Perish",
				"freshHours": { "avg": 420 },
				"transitionHours": { "avg": 60 },
				"transitionedStack": {
					"type": "item",
					"code": "game:rot"
				},
				"transitionRatio": 1
			}
		]
	},
	"materialDensity": 200,
	"guiTransform": {
		"translation": {
			"x": 0,
			"y": 0,
			"z": 0
		},
		"rotation": {
			"x": -30,
			"y": 26,
			"z": 180
		},
		"origin": {
			"x": 0.52,
			"y": 0.07,
			"z": 0.5
		},
		"scale": 4.9
	},
	"groundTransform": {
		"translation": {
			"x": 0,
			"y": 0,
			"z": 0
		},
		"rotation": {
			"x": 0,
			"y": 0,
			"z": 1
		},
		"origin": {
			"x": 0.5,
			"y": 0,
			"z": 0.5
		},
		"scale": 4.5
	},
	"tpHandTransform": {
		"translation": {
			"x": -0.54,
			"y": -0.16,
			"z": -0.4
		},
		"rotation": {
			"x": 44,
			"y": -69,
			"z": 2
		},
		"origin": {
			"x": 0.5,
			"y": 0.13,
			"z": 0.5
		},
		"scale": 1
	},
	"fpHandTransform": {
		"translation": {
			"x": 0,
			"y": 0.24,
			"z": 0.3
		},
		"rotation": {
			"x": 104,
			"y": 0,
			"z": 71
		},
		"origin": {
			"x": 0.5,
			"y": 0.1,
			"z": 0.5
		},
		"scale": 2.5
	}
}