{
	"code": "choppedvegetable",
	"variantgroups": [
		{
			"code": "type",
			"states": [ "potato", "yam", "cauliflower", "corn", "beet", "eggplant", "jalapeno", "pickledpotato", "pickledyam", "pickledcauliflower", "pickledbeet", "pickledeggplant", "pickledjalapeno" ]
		}
	],
	"shape": {
		"base": "morecropsfix:item/food/vegetable/chopped/{type}"
	},
	"texturesByType": {
		"*-corn": {
			"normal1": { "base": "morecropsfix:block/plant/crop/corn/normal1" }
		},
		"*-cauliflower": {
			"top": { "base": "morecropsfix:block/plant/crop/cauliflower/top" }
		},
		"*-beet": {
			"beet": { "base": "morecropsfix:block/plant/crop/beet/bulb" }
		},
		"*-jalapeno": {
			"jalapeno": { "base": "morecropsfix:block/plant/crop/jalapeno/largeleavesjalapenos" }
		},
		"*-pickledcauliflower": {
			"pickledtop": { "base": "morecropsfix:block/plant/crop/cauliflower/pickledtop" }
		},
		"*-pickledbeet": {
			"pickledbeet": { "base": "morecropsfix:block/plant/crop/beet/bulb" }
		},
		"*-pickledjalapeno": {
			"pickledjalapeno": { "base": "morecropsfix:block/plant/crop/jalapeno/largeleavesjalapenos" }
		},
		"*": {
			"*": { "base": "morecropsfix:block/food/pie/fill-{type}" }
		}
	},
	"maxstacksize": 64,
	"attributesByType": {
		"*-cauliflower": {
			"nutritionPropsWhenInMeal": {
				"satiety": 460,
				"foodcategory": "Vegetable"
			},
			"handbook": { "groupBy": [ "choppedvegetable-*" ] },
			"displaycaseable": true,
			"shelvable": true,
			"bakingProperties": {
				"temp": 100,
				"levelFrom": 0.0,
				"levelTo": 0.25,
				"startScaleY": 1.0,
				"endScaleY": 1.0,
				"resultCode": "morecropsfix:cookedchoppedvegetable-cauliflower-partbaked"
			},
			"onDisplayTransform": {
				"translation": {
					"x": 0,
					"y": 0,
					"z": 0
				},
				"scale": 1
			},
			"inPieProperties": {
				"texture": "morecropsfix:block/food/pie/fill-cauliflower",
				"partType": "Filling"
			}
		},

		"*-eggplant": {
			"nutritionPropsWhenInMeal": {
				"satiety": 160,
				"foodcategory": "Fruit"
			},
			"handbook": { "groupBy": [ "choppedvegetable-*" ] },
			"displaycaseable": true,
			"shelvable": true,
			"bakingProperties": {
				"temp": 100,
				"levelFrom": 0.0,
				"levelTo": 0.25,
				"startScaleY": 1.0,
				"endScaleY": 1.0,
				"resultCode": "morecropsfix:cookedchoppedvegetable-eggplant-partbaked"
			},
			"onDisplayTransform": {
				"translation": {
					"x": 0,
					"y": 0,
					"z": 0
				},
				"scale": 1
			},
			"inPieProperties": {
				"texture": "morecropsfix:block/food/pie/fill-eggplant",
				"partType": "Filling"
			}
		},
		"*-pickledcauliflower": {
			"nutritionPropsWhenInMeal": {
				"satiety": 310,
				"foodcategory": "Fruit"
			},
			"handbook": { "groupBy": [ "choppedvegetable-*" ] },
			"displaycaseable": true,
			"shelvable": true,
			"bakingProperties": {
				"temp": 100,
				"levelFrom": 0.0,
				"levelTo": 0.25,
				"startScaleY": 1.0,
				"endScaleY": 1.0,
				"resultCode": "morecropsfix:cookedchoppedvegetable-pickledcauliflower-partbaked"
			},
			"inPieProperties": {
				"texture": "morecropsfix:block/food/pie/fill-pickledcauliflower",
				"partType": "Filling"
			}
		},

		"*-pickledeggplant": {
			"nutritionPropsWhenInMeal": {
				"satiety": 140,
				"foodcategory": "Fruit"
			},
			"handbook": { "groupBy": [ "choppedvegetable-*" ] },
			"displaycaseable": true,
			"shelvable": true,
			"bakingProperties": {
				"temp": 100,
				"levelFrom": 0.0,
				"levelTo": 0.25,
				"startScaleY": 1.0,
				"endScaleY": 1.0,
				"resultCode": "morecropsfix:cookedchoppedvegetable-pickledeggplant-partbaked"
			},
			"inPieProperties": {
				"texture": "morecropsfix:block/food/pie/fill-pickledeggplant",
				"partType": "Filling"
			}
		},
		"*-pickled*": {
			"nutritionPropsWhenInMeal": {
				"satiety": 140,
				"foodcategory": "Vegetable"
			},
			"handbook": { "groupBy": [ "choppedvegetable-*" ] },
			"displaycaseable": true,
			"shelvable": true,
			"bakingProperties": {
				"temp": 100,
				"levelFrom": 0.0,
				"levelTo": 0.25,
				"startScaleY": 1.0,
				"endScaleY": 1.0,
				"resultCode": "morecropsfix:cookedchoppedvegetable-{type}-partbaked"
			},
			"inPieProperties": {
				"texture": "morecropsfix:block/food/pie/fill-{type}",
				"partType": "Filling"
			}
		},
		"*": {
			"nutritionPropsWhenInMeal": {
				"satiety": 160,
				"foodcategory": "Vegetable"
			},
			"handbook": { "groupBy": [ "choppedvegetable-*" ] },
			"displaycaseable": true,
			"shelvable": true,
			"bakingProperties": {
				"temp": 100,
				"levelFrom": 0.0,
				"levelTo": 0.25,
				"startScaleY": 1.0,
				"endScaleY": 1.0,
				"resultCode": "morecropsfix:cookedchoppedvegetable-{type}-partbaked"
			},
			"inPieProperties": {
				"texture": "morecropsfix:block/food/pie/fill-{type}",
				"partType": "Filling"
			}
		}
	},
	"creativeinventory": {
		"general": [ "*" ],
		"items": [ "*" ]
	},
	"nutritionPropsByType": {
		"*-cauliflower": {
			"satiety": 300,
			"foodcategory": "Vegetable"
		},
		"*-eggplant": {
			"satiety": 100,
			"foodcategory": "Fruit"
		},
		"*-pickledcauliflower": {
			"satiety": 240,
			"foodcategory": "Vegetable"
		},
		"*-pickledeggplant": {
			"satiety": 80,
			"foodcategory": "Fruit"
		},
		"*pickled*": {
			"satiety": 80,
			"foodcategory": "Vegetable"
		},
		"*": {
			"satiety": 100,
			"foodcategory": "Vegetable"
		}

	},
	"combustiblePropsByType": {
		"choppedvegetable-*": {
			"meltingPoint": 150,
			"meltingDuration": 20,
			"smeltedRatio": 1,
			"smeltingType": "bake",
			"smeltedStack": {
				"type": "item",
				"code": "morecropsfix:cookedchoppedvegetable-{type}-charred"
			},
			"requiresContainer": false
		}
	},
	"transitionablePropsByType": {
		"*-pickled*": [
			{
				"type": "Perish",
				"freshHours": { "avg": 900 },
				"transitionHours": { "avg": 96 },
				"transitionedStack": {
					"type": "item",
					"code": "game:rot"
				},
				"transitionRatio": 0.5
			}
		],
		"*": [
			{
				"type": "Perish",
				"freshHours": { "avg": 252 },
				"transitionHours": { "avg": 48 },
				"transitionedStack": {
					"type": "item",
					"code": "game:rot"
				},
				"transitionRatio": 0.5
			}
		]
	},
	"materialDensity": 600,
	"guiTransformByType": {
		"*-potato": {
			"translation": {
				"x": 0,
				"y": 0,
				"z": 0
			},
			"rotation": {
				"x": -37,
				"y": 135,
				"z": -155
			},
			"origin": {
				"x": 0.5,
				"y": 0.1,
				"z": 0.5
			},
			"scale": 5.35
		},
		"*-yam": {
			"translation": {
				"x": 0,
				"y": 0,
				"z": 0
			},
			"rotation": {
				"x": -37,
				"y": 135,
				"z": -155
			},
			"origin": {
				"x": 0.5,
				"y": 0.07,
				"z": 0.5
			},
			"scale": 5
		},
		"*-corn": {
			"translation": {
				"x": 3,
				"y": 1,
				"z": -25
			},
			"rotation": {
				"x": 155,
				"y": 12,
				"z": 0
			},
			"origin": {
				"x": 0.45,
				"y": -0.1,
				"z": 0.8
			},
			"scale": 3.5
		},
		"*-cauliflower": {
			"translation": {
				"x": 3,
				"y": 1,
				"z": -25
			},
			"rotation": {
				"x": 155,
				"y": 12,
				"z": 0
			},
			"origin": {
				"x": 0.45,
				"y": -0.1,
				"z": 0.8
			},
			"scale": 3.7
		},
		"*-beet": {
			"translation": {
				"x": 0,
				"y": 0,
				"z": 0
			},
			"rotation": {
				"x": -37,
				"y": 135,
				"z": -155
			},
			"origin": {
				"x": 0.53,
				"y": 0.07,
				"z": 0.5
			},
			"scale": 3.3
		},
		"*-eggplant": {
			"translation": {
				"x": 0,
				"y": 0,
				"z": 0
			},
			"rotation": {
				"x": -37,
				"y": 135,
				"z": -155
			},
			"origin": {
				"x": 0.53,
				"y": 0.07,
				"z": 0.5
			},
			"scale": 3.3
		},
		"*-jalapeno": {
			"translation": {
				"x": 3,
				"y": 1,
				"z": -25
			},
			"rotation": {
				"x": 155,
				"y": 12,
				"z": 0
			},
			"origin": {
				"x": 0.45,
				"y": -0.1,
				"z": 0.8
			},
			"scale": 3.5
		},
		"*-pickledpotato": {
			"translation": {
				"x": 0,
				"y": 0,
				"z": 0
			},
			"rotation": {
				"x": -37,
				"y": 135,
				"z": -155
			},
			"origin": {
				"x": 0.5,
				"y": 0.1,
				"z": 0.5
			},
			"scale": 5.35
		},
		"*-pickledyam": {
			"translation": {
				"x": 0,
				"y": 0,
				"z": 0
			},
			"rotation": {
				"x": -37,
				"y": 135,
				"z": -155
			},
			"origin": {
				"x": 0.5,
				"y": 0.07,
				"z": 0.5
			},
			"scale": 5
		},
		"*-pickledcauliflower": {
			"translation": {
				"x": 3,
				"y": 1,
				"z": -25
			},
			"rotation": {
				"x": 155,
				"y": 12,
				"z": 0
			},
			"origin": {
				"x": 0.45,
				"y": -0.1,
				"z": 0.8
			},
			"scale": 3.7
		},
		"*-pickledbeet": {
			"translation": {
				"x": 0,
				"y": 0,
				"z": 0
			},
			"rotation": {
				"x": -37,
				"y": 135,
				"z": -155
			},
			"origin": {
				"x": 0.53,
				"y": 0.07,
				"z": 0.5
			},
			"scale": 3.3
		},
		"*-pickledeggplant": {
			"translation": {
				"x": 0,
				"y": 0,
				"z": 0
			},
			"rotation": {
				"x": -37,
				"y": 135,
				"z": -155
			},
			"origin": {
				"x": 0.53,
				"y": 0.07,
				"z": 0.5
			},
			"scale": 3.3
		},
		"*-pickledjalapeno": {
			"translation": {
				"x": 3,
				"y": 1,
				"z": -25
			},
			"rotation": {
				"x": 155,
				"y": 12,
				"z": 0
			},
			"origin": {
				"x": 0.45,
				"y": -0.1,
				"z": 0.8
			},
			"scale": 3.5
		}
	},
	"fpHandTransformByType": {
		"*-potato": {
			"translation": {
				"x": 0,
				"y": 0,
				"z": 0
			},
			"rotation": {
				"x": 45,
				"y": 47,
				"z": -30
			},
			"origin": {
				"x": 0.5,
				"y": 0.3,
				"z": 0.5
			},
			"scale": 1.9
		},
		"*-yam": {
			"translation": {
				"x": 0,
				"y": 0,
				"z": 0
			},
			"rotation": {
				"x": 45,
				"y": 47,
				"z": -30
			},
			"origin": {
				"x": 0.5,
				"y": 0.3,
				"z": 0.5
			},
			"scale": 1.9
		},
		"*-corn": {
			"translation": {
				"x": 0,
				"y": 0,
				"z": 0
			},
			"rotation": {
				"x": 45,
				"y": 47,
				"z": -30
			},
			"origin": {
				"x": 0.5,
				"y": 0.3,
				"z": 0.5
			},
			"scale": 1.9
		},
		"*-cauliflower": {
			"translation": {
				"x": 0,
				"y": 0,
				"z": 0
			},
			"rotation": {
				"x": 45,
				"y": 47,
				"z": -30
			},
			"origin": {
				"x": 0.5,
				"y": 0.3,
				"z": 0.5
			},
			"scale": 2.1
		},
		"*-beet": {
			"translation": {
				"x": 0,
				"y": 0,
				"z": 0
			},
			"rotation": {
				"x": 45,
				"y": 47,
				"z": -30
			},
			"origin": {
				"x": 0.5,
				"y": 0.3,
				"z": 0.5
			},
			"scale": 1.9
		},
		"*-eggplant": {
			"translation": {
				"x": 0,
				"y": 0,
				"z": 0
			},
			"rotation": {
				"x": 45,
				"y": 47,
				"z": -30
			},
			"origin": {
				"x": 0.5,
				"y": 0.3,
				"z": 0.5
			},
			"scale": 1.9
		},
		"*-jalapeno": {
			"translation": {
				"x": 0,
				"y": 0,
				"z": 0
			},
			"rotation": {
				"x": 45,
				"y": 47,
				"z": -30
			},
			"origin": {
				"x": 0.5,
				"y": 0.3,
				"z": 0.5
			},
			"scale": 1.9
		},
		"*-pickledpotato": {
			"translation": {
				"x": 0,
				"y": 0,
				"z": 0
			},
			"rotation": {
				"x": 45,
				"y": 47,
				"z": -30
			},
			"origin": {
				"x": 0.5,
				"y": 0.3,
				"z": 0.5
			},
			"scale": 1.9
		},
		"*-pickledyam": {
			"translation": {
				"x": 0,
				"y": 0,
				"z": 0
			},
			"rotation": {
				"x": 45,
				"y": 47,
				"z": -30
			},
			"origin": {
				"x": 0.5,
				"y": 0.3,
				"z": 0.5
			},
			"scale": 1.9
		},
		"*-pickledcauliflower": {
			"translation": {
				"x": 0,
				"y": 0,
				"z": 0
			},
			"rotation": {
				"x": 45,
				"y": 47,
				"z": -30
			},
			"origin": {
				"x": 0.5,
				"y": 0.3,
				"z": 0.5
			},
			"scale": 2.1
		},
		"*-pickledbeet": {
			"translation": {
				"x": 0,
				"y": 0,
				"z": 0
			},
			"rotation": {
				"x": 45,
				"y": 47,
				"z": -30
			},
			"origin": {
				"x": 0.5,
				"y": 0.3,
				"z": 0.5
			},
			"scale": 1.9
		},
		"*-pickledeggplant": {
			"translation": {
				"x": 0,
				"y": 0,
				"z": 0
			},
			"rotation": {
				"x": 45,
				"y": 47,
				"z": -30
			},
			"origin": {
				"x": 0.5,
				"y": 0.3,
				"z": 0.5
			},
			"scale": 1.9
		},
		"*-pickledjalapeno": {
			"translation": {
				"x": 0,
				"y": 0,
				"z": 0
			},
			"rotation": {
				"x": 45,
				"y": 47,
				"z": -30
			},
			"origin": {
				"x": 0.5,
				"y": 0.3,
				"z": 0.5
			},
			"scale": 1.9
		}
	},
	"tpHandTransformByType": {
		"*-potato": {
			"translation": {
				"x": -0.6,
				"y": -0.18,
				"z": -0.6
			},
			"rotation": {
				"x": 0,
				"y": 0,
				"z": -42
			},
			"origin": {
				"x": 0.5,
				"y": 0.1,
				"z": 0.5
			},
			"scale": 0.8
		},
		"*-yam": {
			"translation": {
				"x": -0.6,
				"y": -0.18,
				"z": -0.6
			},
			"rotation": {
				"x": 0,
				"y": 0,
				"z": -42
			},
			"origin": {
				"x": 0.5,
				"y": 0.1,
				"z": 0.5
			},
			"scale": 0.8
		},
		"*-corn": {
			"translation": {
				"x": -0.6,
				"y": -0.18,
				"z": -0.6
			},
			"rotation": {
				"x": 0,
				"y": 0,
				"z": -42
			},
			"origin": {
				"x": 0.5,
				"y": 0.1,
				"z": 0.5
			},
			"scale": 0.8
		},
		"*-cauliflower": {
			"translation": {
				"x": -0.6,
				"y": -0.18,
				"z": -0.6
			},
			"rotation": {
				"x": 0,
				"y": 0,
				"z": -42
			},
			"origin": {
				"x": 0.5,
				"y": 0.1,
				"z": 0.5
			},
			"scale": 1
		},
		"*-beet": {
			"translation": {
				"x": -0.6,
				"y": -0.18,
				"z": -0.6
			},
			"rotation": {
				"x": 0,
				"y": 0,
				"z": -42
			},
			"origin": {
				"x": 0.5,
				"y": 0.1,
				"z": 0.5
			},
			"scale": 0.8
		},
		"*-eggplant": {
			"translation": {
				"x": -0.6,
				"y": -0.18,
				"z": -0.6
			},
			"rotation": {
				"x": 0,
				"y": 0,
				"z": -42
			},
			"origin": {
				"x": 0.5,
				"y": 0.1,
				"z": 0.5
			},
			"scale": 0.8
		},
		"*-jalapeno": {
			"translation": {
				"x": -0.6,
				"y": -0.18,
				"z": -0.6
			},
			"rotation": {
				"x": 0,
				"y": 0,
				"z": -42
			},
			"origin": {
				"x": 0.5,
				"y": 0.1,
				"z": 0.5
			},
			"scale": 0.8
		},
		"*-pickledpotato": {
			"translation": {
				"x": -0.6,
				"y": -0.18,
				"z": -0.6
			},
			"rotation": {
				"x": 0,
				"y": 0,
				"z": -42
			},
			"origin": {
				"x": 0.5,
				"y": 0.1,
				"z": 0.5
			},
			"scale": 0.8
		},
		"*-pickledyam": {
			"translation": {
				"x": -0.6,
				"y": -0.18,
				"z": -0.6
			},
			"rotation": {
				"x": 0,
				"y": 0,
				"z": -42
			},
			"origin": {
				"x": 0.5,
				"y": 0.1,
				"z": 0.5
			},
			"scale": 0.8
		},
		"*-pickledcauliflower": {
			"translation": {
				"x": -0.6,
				"y": -0.18,
				"z": -0.6
			},
			"rotation": {
				"x": 0,
				"y": 0,
				"z": -42
			},
			"origin": {
				"x": 0.5,
				"y": 0.1,
				"z": 0.5
			},
			"scale": 1
		},
		"*-pickledbeet": {
			"translation": {
				"x": -0.6,
				"y": -0.18,
				"z": -0.6
			},
			"rotation": {
				"x": 0,
				"y": 0,
				"z": -42
			},
			"origin": {
				"x": 0.5,
				"y": 0.1,
				"z": 0.5
			},
			"scale": 0.8
		},
		"*-pickledeggplant": {
			"translation": {
				"x": -0.6,
				"y": -0.18,
				"z": -0.6
			},
			"rotation": {
				"x": 0,
				"y": 0,
				"z": -42
			},
			"origin": {
				"x": 0.5,
				"y": 0.1,
				"z": 0.5
			},
			"scale": 0.8
		},
		"*-pickledjalapeno": {
			"translation": {
				"x": -0.6,
				"y": -0.18,
				"z": -0.6
			},
			"rotation": {
				"x": 0,
				"y": 0,
				"z": -42
			},
			"origin": {
				"x": 0.5,
				"y": 0.1,
				"z": 0.5
			},
			"scale": 0.8
		}
	},
	"groundTransformByType": {
		"*-potato": {
			"translation": {
				"x": 0,
				"y": 0,
				"z": 0
			},
			"rotation": {
				"x": 0,
				"y": 0,
				"z": 0
			},
			"origin": {
				"x": 0.47,
				"y": 0,
				"z": 0.5
			},
			"scale": 4.3
		},
		"*-yam": {
			"translation": {
				"x": 0,
				"y": 0,
				"z": 0
			},
			"rotation": {
				"x": 0,
				"y": 0,
				"z": 0
			},
			"origin": {
				"x": 0.47,
				"y": 0,
				"z": 0.5
			},
			"scale": 4.3
		},
		"*-corn": {
			"translation": {
				"x": -0.6,
				"y": -0.18,
				"z": -0.6
			},
			"rotation": {
				"x": 0,
				"y": 0,
				"z": -42
			},
			"origin": {
				"x": 0.5,
				"y": 0.1,
				"z": 0.5
			},
			"scale": 0.8
		},
		"*-cauliflower": {
			"translation": {
				"x": 0,
				"y": 0,
				"z": 0
			},
			"rotation": {
				"x": 0,
				"y": 0,
				"z": 0
			},
			"origin": {
				"x": 0.47,
				"y": 0,
				"z": 0.5
			},
			"scale": 4.3
		},
		"*-beet": {
			"translation": {
				"x": 0,
				"y": 0,
				"z": 0
			},
			"rotation": {
				"x": 0,
				"y": 0,
				"z": 0
			},
			"origin": {
				"x": 0.47,
				"y": 0,
				"z": 0.5
			},
			"scale": 4.3
		},
		"*-eggplant": {
			"translation": {
				"x": 0,
				"y": 0,
				"z": 0
			},
			"rotation": {
				"x": 0,
				"y": 0,
				"z": 0
			},
			"origin": {
				"x": 0.47,
				"y": 0,
				"z": 0.5
			},
			"scale": 4.3
		},
		"*-jalapeno": {
			"translation": {
				"x": -0.6,
				"y": -0.18,
				"z": -0.6
			},
			"rotation": {
				"x": 0,
				"y": 0,
				"z": -42
			},
			"origin": {
				"x": 0.5,
				"y": 0.1,
				"z": 0.5
			},
			"scale": 0.8
		},
		"*-pickledpotato": {
			"translation": {
				"x": 0,
				"y": 0,
				"z": 0
			},
			"rotation": {
				"x": 0,
				"y": 0,
				"z": 0
			},
			"origin": {
				"x": 0.47,
				"y": 0,
				"z": 0.5
			},
			"scale": 4.3
		},
		"*-pickledyam": {
			"translation": {
				"x": 0,
				"y": 0,
				"z": 0
			},
			"rotation": {
				"x": 0,
				"y": 0,
				"z": 0
			},
			"origin": {
				"x": 0.47,
				"y": 0,
				"z": 0.5
			},
			"scale": 4.3
		},
		"*-pickledcauliflower": {
			"translation": {
				"x": 0,
				"y": 0,
				"z": 0
			},
			"rotation": {
				"x": 0,
				"y": 0,
				"z": 0
			},
			"origin": {
				"x": 0.47,
				"y": 0,
				"z": 0.5
			},
			"scale": 4.3
		},
		"*-pickledbeet": {
			"translation": {
				"x": 0,
				"y": 0,
				"z": 0
			},
			"rotation": {
				"x": 0,
				"y": 0,
				"z": 0
			},
			"origin": {
				"x": 0.47,
				"y": 0,
				"z": 0.5
			},
			"scale": 4.3
		},
		"*-pickledeggplant": {
			"translation": {
				"x": 0,
				"y": 0,
				"z": 0
			},
			"rotation": {
				"x": 0,
				"y": 0,
				"z": 0
			},
			"origin": {
				"x": 0.47,
				"y": 0,
				"z": 0.5
			},
			"scale": 4.3
		},
		"*-pickledjalapeno": {
			"translation": {
				"x": -0.6,
				"y": -0.18,
				"z": -0.6
			},
			"rotation": {
				"x": 0,
				"y": 0,
				"z": -42
			},
			"origin": {
				"x": 0.5,
				"y": 0.1,
				"z": 0.5
			},
			"scale": 0.8
		}
	}
}