{
	"editor": {
		"allAngles": true,
		"entityTextureMode": false
	},
	"textureWidth": 16,
	"textureHeight": 16,
	"textureSizes": {
	},
	"textures": {
		"cauliflower": "morecropsfix:block/plant/crop/cauliflower/cauliflower",
		"middle4": "morecropsfix:block/plant/crop/cauliflower/middle4",
		"bottom4": "morecropsfix:block/plant/crop/cauliflower/bottom4"
	},
	"elements": [
		{
			"name": "cauliflower",
			"from": [ 7.5, 0.0, 7.5 ], 
			"to": [ 8.5, 0.5, 8.5 ], 
			"rotationOrigin": [ 8.0, 0.0, 8.0 ],
			"faces": {
				"north": { "texture": "#cauliflower", "uv": [ 9.5, 7.0, 10.5, 7.5 ], "windMode": [0,0,0,0] },
				"east": { "texture": "#cauliflower", "uv": [ 10.5, 8.0, 11.5, 8.5 ], "windMode": [0,0,0,0] },
				"south": { "texture": "#cauliflower", "uv": [ 6.5, 11.0, 7.5, 11.5 ], "windMode": [0,0,0,0] },
				"west": { "texture": "#cauliflower", "uv": [ 10.5, 8.5, 11.5, 9.0 ], "windMode": [0,0,0,0] },
				"up": { "texture": "#cauliflower", "uv": [ 12.5, 6.0, 13.5, 7.0 ], "windMode": [0,0,0,0] },
				"down": { "texture": "#cauliflower", "uv": [ 12.0, 4.5, 13.0, 5.5 ], "windMode": [0,0,0,0] }
			},
			"children": [
				{
					"name": "large S",
					"from": [ -6.5, 0.0, 1.0 ], 
					"to": [ 7.5, 7.0, 1.0 ], 
					"rotationOrigin": [ 0.5, 0.0, 1.0 ],
					"rotationX": 45.0,
					"faces": {
						"north": { "texture": "#middle4", "uv": [ 1.0, 1.0, 15.0, 8.0 ], "windMode": [0,7,7,0] },
						"east": { "texture": "#null", "uv": [ 0.0, 0.0, 0.5, 7.0 ], "enabled": false },
						"south": { "texture": "#middle4", "uv": [ 1.0, 1.0, 15.0, 8.0 ], "enabled": false },
						"west": { "texture": "#null", "uv": [ 0.0, 0.0, 0.5, 7.0 ], "enabled": false },
						"up": { "texture": "#null", "uv": [ 0.0, 0.0, 14.0, 0.5 ], "enabled": false },
						"down": { "texture": "#cauliflower", "uv": [ 0.0, 0.0, 14.0, 0.5 ], "enabled": false }
					}
				},
				{
					"name": "large W",
					"from": [ 0.0, 0.0, -6.5 ], 
					"to": [ 0.0, 7.0, 7.5 ], 
					"rotationOrigin": [ 0.0, 0.0, 0.5 ],
					"rotationZ": 45.0,
					"faces": {
						"north": { "texture": "#cauliflower", "uv": [ 0.0, 0.0, 0.5, 7.0 ], "enabled": false },
						"east": { "texture": "#middle4", "uv": [ 1.0, 1.0, 15.0, 8.0 ], "windMode": [0,7,7,0] },
						"south": { "texture": "#null", "uv": [ 0.0, 0.0, 0.5, 7.0 ], "enabled": false },
						"west": { "texture": "#middle4", "uv": [ 1.0, 1.0, 15.0, 8.0 ], "enabled": false },
						"up": { "texture": "#null", "uv": [ 0.0, 0.0, 0.5, 14.0 ], "enabled": false },
						"down": { "texture": "#cauliflower", "uv": [ 0.0, 0.0, 0.5, 14.0 ], "enabled": false }
					}
				},
				{
					"name": "large N",
					"from": [ -6.5, 0.0, 0.0 ], 
					"to": [ 7.5, 7.0, 0.0 ], 
					"rotationOrigin": [ 0.5, 0.0, 0.0 ],
					"rotationX": -45.0,
					"faces": {
						"north": { "texture": "#middle4", "uv": [ 1.0, 1.0, 15.0, 8.0 ], "enabled": false, "autoUv": false },
						"east": { "texture": "#null", "uv": [ 0.0, 0.0, 0.5, 7.0 ], "enabled": false },
						"south": { "texture": "#middle4", "uv": [ 1.0, 1.0, 15.0, 8.0 ], "windMode": [0,0,7,7] },
						"west": { "texture": "#null", "uv": [ 0.0, 0.0, 0.5, 7.0 ], "enabled": false },
						"up": { "texture": "#null", "uv": [ 0.0, 0.0, 14.0, 0.5 ], "enabled": false },
						"down": { "texture": "#cauliflower", "uv": [ 0.0, 0.0, 14.0, 0.5 ], "enabled": false }
					}
				},
				{
					"name": "large E",
					"from": [ 1.0, 0.0, -6.5 ], 
					"to": [ 1.0, 7.0, 7.5 ], 
					"rotationOrigin": [ 1.0, 0.0, 0.5 ],
					"rotationZ": -45.0,
					"faces": {
						"north": { "texture": "#cauliflower", "uv": [ 0.0, 0.0, 0.5, 7.0 ], "enabled": false },
						"east": { "texture": "#middle4", "uv": [ 1.0, 1.0, 15.0, 8.0 ], "enabled": false },
						"south": { "texture": "#null", "uv": [ 0.0, 0.0, 0.5, 7.0 ], "enabled": false },
						"west": { "texture": "#bottom4", "uv": [ 1.0, 1.0, 15.0, 8.0 ], "windMode": [0,0,7,7] },
						"up": { "texture": "#null", "uv": [ 0.0, 0.0, 0.5, 14.0 ], "enabled": false },
						"down": { "texture": "#cauliflower", "uv": [ 0.0, 0.0, 0.5, 14.0 ], "enabled": false }
					}
				},
				{
					"name": "medium 1",
					"from": [ -5.5, 0.5, 1.0 ], 
					"to": [ 8.5, 7.5, 1.0 ], 
					"rotationOrigin": [ 1.0, 0.5, 1.0 ],
					"rotationX": 32.0,
					"rotationY": 45.0,
					"rotationZ": -22.0,
					"faces": {
						"north": { "texture": "#middle4", "uv": [ 1.0, 9.0, 15.0, 16.0 ], "enabled": false },
						"east": { "texture": "#null", "uv": [ 0.0, 0.0, 0.5, 7.0 ], "enabled": false },
						"south": { "texture": "#middle4", "uv": [ 1.0, 9.0, 15.0, 16.0 ], "windMode": [0,0,7,7] },
						"west": { "texture": "#null", "uv": [ 0.0, 0.0, 0.5, 7.0 ], "enabled": false },
						"up": { "texture": "#null", "uv": [ 0.0, 0.0, 14.0, 0.5 ], "enabled": false },
						"down": { "texture": "#cauliflower", "uv": [ 0.0, 0.0, 14.0, 0.5 ], "enabled": false }
					}
				},
				{
					"name": "medium 2",
					"from": [ -6.5, 0.5, 0.0 ], 
					"to": [ 7.5, 7.5, 0.0 ], 
					"rotationOrigin": [ 0.1, 0.5, 0.0 ],
					"rotationX": -32.0,
					"rotationY": 45.0,
					"rotationZ": 22.5,
					"faces": {
						"north": { "texture": "#middle4", "uv": [ 1.0, 9.0, 15.0, 16.0 ], "enabled": false },
						"east": { "texture": "#middle4", "uv": [ 0.0, 0.0, 0.5, 7.0 ], "enabled": false },
						"south": { "texture": "#middle4", "uv": [ 1.0, 9.0, 15.0, 16.0 ], "windMode": [0,0,7,7] },
						"west": { "texture": "#middle4", "uv": [ 0.0, 0.0, 0.5, 7.0 ], "enabled": false },
						"up": { "texture": "#middle4", "uv": [ 0.0, 0.0, 14.0, 0.5 ], "enabled": false },
						"down": { "texture": "#middle4", "uv": [ 0.0, 0.0, 14.0, 0.5 ], "enabled": false }
					}
				},
				{
					"name": "medium 3",
					"from": [ -5.5, 0.5, 0.0 ], 
					"to": [ 8.5, 7.5, 0.0 ], 
					"rotationOrigin": [ 1.0, 0.5, 0.0 ],
					"rotationX": -32.0,
					"rotationY": -40.0,
					"rotationZ": -22.0,
					"faces": {
						"north": { "texture": "#middle4", "uv": [ 1.0, 9.0, 15.0, 16.0 ], "enabled": false },
						"east": { "texture": "#middle4", "uv": [ 0.0, 0.0, 0.5, 7.0 ], "enabled": false },
						"south": { "texture": "#middle4", "uv": [ 1.0, 9.0, 15.0, 16.0 ], "windMode": [0,0,7,7] },
						"west": { "texture": "#middle4", "uv": [ 0.0, 0.0, 0.5, 7.0 ], "enabled": false },
						"up": { "texture": "#middle4", "uv": [ 0.0, 0.0, 14.0, 0.5 ], "enabled": false },
						"down": { "texture": "#middle4", "uv": [ 0.0, 0.0, 14.0, 0.5 ], "enabled": false }
					}
				},
				{
					"name": "medium 4",
					"from": [ -6.5, 0.5, 1.0 ], 
					"to": [ 7.5, 7.5, 1.0 ], 
					"rotationOrigin": [ 0.0, 0.5, 1.0 ],
					"rotationX": 32.0,
					"rotationY": -40.0,
					"rotationZ": 23.5,
					"faces": {
						"north": { "texture": "#middle4", "uv": [ 1.0, 9.0, 15.0, 16.0 ], "enabled": false },
						"east": { "texture": "#middle4", "uv": [ 0.0, 0.0, 0.5, 7.0 ], "enabled": false },
						"south": { "texture": "#middle4", "uv": [ 1.0, 9.0, 15.0, 16.0 ], "windMode": [0,0,7,7] },
						"west": { "texture": "#middle4", "uv": [ 0.0, 0.0, 0.5, 7.0 ], "enabled": false },
						"up": { "texture": "#middle4", "uv": [ 0.0, 0.0, 14.0, 0.5 ], "enabled": false },
						"down": { "texture": "#middle4", "uv": [ 0.0, 0.0, 14.0, 0.5 ], "enabled": false }
					}
				},
				{
					"name": "large S19",
					"from": [ -6.5, 0.0, 0.5 ], 
					"to": [ 7.5, 7.0, 0.5 ], 
					"rotationOrigin": [ 0.5, 0.0, 0.5 ],
					"rotationX": 80.0,
					"rotationY": 10.0,
					"rotationZ": -40.0,
					"faces": {
						"north": { "texture": "#bottom4", "uv": [ 1.0, 1.0, 15.0, 8.0 ], "windMode": [0,7,7,0] },
						"east": { "texture": "#null", "uv": [ 0.0, 0.0, 0.5, 7.0 ], "enabled": false },
						"south": { "texture": "#bottom4", "uv": [ 1.0, 1.0, 15.0, 8.0 ], "enabled": false },
						"west": { "texture": "#null", "uv": [ 0.0, 0.0, 0.5, 7.0 ], "enabled": false },
						"up": { "texture": "#null", "uv": [ 0.0, 0.0, 14.0, 0.5 ], "enabled": false },
						"down": { "texture": "#cauliflower", "uv": [ 0.0, 0.0, 14.0, 0.5 ], "enabled": false }
					}
				},
				{
					"name": "large W20",
					"from": [ 0.5, 0.0, -6.5 ], 
					"to": [ 0.5, 7.0, 7.5 ], 
					"rotationOrigin": [ 0.5, 0.0, 0.5 ],
					"rotationY": 40.0,
					"rotationZ": 80.0,
					"faces": {
						"north": { "texture": "#cauliflower", "uv": [ 0.0, 0.0, 0.5, 7.0 ], "enabled": false },
						"east": { "texture": "#bottom4", "uv": [ 1.0, 1.0, 15.0, 8.0 ], "windMode": [0,7,7,0] },
						"south": { "texture": "#null", "uv": [ 0.0, 0.0, 0.5, 7.0 ], "enabled": false },
						"west": { "texture": "#bottom4", "uv": [ 1.0, 1.0, 15.0, 8.0 ], "enabled": false },
						"up": { "texture": "#null", "uv": [ 0.0, 0.0, 0.5, 14.0 ], "enabled": false },
						"down": { "texture": "#cauliflower", "uv": [ 0.0, 0.0, 0.5, 14.0 ], "enabled": false }
					}
				},
				{
					"name": "large N21",
					"from": [ -6.5, 0.0, 0.5 ], 
					"to": [ 7.5, 7.0, 0.5 ], 
					"rotationOrigin": [ 0.5, 0.0, 0.5 ],
					"rotationX": -80.0,
					"rotationY": 10.0,
					"rotationZ": 40.0,
					"faces": {
						"north": { "texture": "#bottom4", "uv": [ 1.0, 1.0, 15.0, 8.0 ], "enabled": false },
						"east": { "texture": "#null", "uv": [ 0.0, 0.0, 0.5, 7.0 ], "enabled": false },
						"south": { "texture": "#bottom4", "uv": [ 1.0, 1.0, 15.0, 8.0 ], "windMode": [0,0,7,7] },
						"west": { "texture": "#null", "uv": [ 0.0, 0.0, 0.5, 7.0 ], "enabled": false },
						"up": { "texture": "#null", "uv": [ 0.0, 0.0, 14.0, 0.5 ], "enabled": false },
						"down": { "texture": "#cauliflower", "uv": [ 0.0, 0.0, 14.0, 0.5 ], "enabled": false }
					}
				},
				{
					"name": "large E22",
					"from": [ 0.5, 0.0, -6.5 ], 
					"to": [ 0.5, 7.0, 7.5 ], 
					"rotationOrigin": [ 0.5, 0.0, 0.5 ],
					"rotationY": 40.0,
					"rotationZ": -80.0,
					"faces": {
						"north": { "texture": "#cauliflower", "uv": [ 0.0, 0.0, 0.5, 7.0 ], "enabled": false },
						"east": { "texture": "#bottom4", "uv": [ 1.0, 1.0, 15.0, 8.0 ], "enabled": false },
						"south": { "texture": "#null", "uv": [ 0.0, 0.0, 0.5, 7.0 ], "enabled": false },
						"west": { "texture": "#bottom4", "uv": [ 1.0, 1.0, 15.0, 8.0 ], "windMode": [0,0,7,7] },
						"up": { "texture": "#null", "uv": [ 0.0, 0.0, 0.5, 14.0 ], "enabled": false },
						"down": { "texture": "#cauliflower", "uv": [ 0.0, 0.0, 0.5, 14.0 ], "enabled": false }
					}
				}
			]
		}
	]}