{
	"editor": {
		"allAngles": true,
		"entityTextureMode": false
	},
	"textureWidth": 16,
	"textureHeight": 16,
	"textureSizes": {
	},
	"textures": {
		"bottom12": "morecropsfix:block/plant/crop/cauliflower/bottom12",
		"top": "morecropsfix:block/plant/crop/cauliflower/top"
	},
	"elements": [
		{
			"name": "cauliflower",
			"from": [ 5.0, 0.0, 5.0 ], 
			"to": [ 11.0, 5.0, 11.0 ], 
			"rotationOrigin": [ 8.0, 0.0, 8.0 ],
			"faces": {
				"north": { "texture": "#top", "uv": [ 6.0, 3.0, 12.0, 8.0 ], "windMode": [0,0,0,0] },
				"east": { "texture": "#top", "uv": [ 0.0, 3.0, 6.0, 8.0 ], "windMode": [0,0,0,0] },
				"south": { "texture": "#top", "uv": [ 6.5, 11.0, 12.5, 16.0 ], "windMode": [0,0,0,0] },
				"west": { "texture": "#top", "uv": [ 0.0, 11.0, 6.0, 16.0 ], "windMode": [0,0,0,0] },
				"up": { "texture": "#top", "uv": [ 6.0, 2.0, 12.0, 8.0 ], "windMode": [0,0,0,0] },
				"down": { "texture": "#top", "uv": [ 6.0, 2.0, 12.0, 8.0 ], "windMode": [0,0,0,0] }
			},
			"children": [
				{
					"name": "large S",
					"from": [ -4.0, 0.0, 6.0 ], 
					"to": [ 10.0, 7.0, 6.0 ], 
					"rotationOrigin": [ 3.0, 0.0, 6.0 ],
					"rotationX": 45.0,
					"faces": {
						"north": { "texture": "#bottom12", "uv": [ 1.0, 1.0, 15.0, 8.0 ], "windMode": [0,7,7,0] },
						"east": { "texture": "#null", "uv": [ 0.0, 0.0, 0.5, 7.0 ], "enabled": false },
						"south": { "texture": "#bottom12", "uv": [ 1.0, 1.0, 15.0, 8.0 ], "enabled": false },
						"west": { "texture": "#null", "uv": [ 0.0, 0.0, 0.5, 7.0 ], "enabled": false },
						"up": { "texture": "#null", "uv": [ 0.0, 0.0, 14.0, 0.5 ], "enabled": false },
						"down": { "texture": "#cauliflower", "uv": [ 0.0, 0.0, 14.0, 0.5 ], "enabled": false }
					}
				},
				{
					"name": "large W",
					"from": [ 0.0, 0.0, -4.0 ], 
					"to": [ 0.0, 7.0, 10.0 ], 
					"rotationOrigin": [ 0.0, 0.0, 3.0 ],
					"rotationZ": 45.0,
					"faces": {
						"north": { "texture": "#cauliflower", "uv": [ 0.0, 0.0, 0.5, 7.0 ], "enabled": false },
						"east": { "texture": "#bottom12", "uv": [ 1.0, 1.0, 15.0, 8.0 ], "windMode": [0,7,7,0] },
						"south": { "texture": "#null", "uv": [ 0.0, 0.0, 0.5, 7.0 ], "enabled": false },
						"west": { "texture": "#bottom12", "uv": [ 1.0, 1.0, 15.0, 8.0 ], "enabled": false },
						"up": { "texture": "#null", "uv": [ 0.0, 0.0, 0.5, 14.0 ], "enabled": false },
						"down": { "texture": "#cauliflower", "uv": [ 0.0, 0.0, 0.5, 14.0 ], "enabled": false }
					}
				},
				{
					"name": "large N",
					"from": [ -4.0, 0.0, 0.0 ], 
					"to": [ 10.0, 7.0, 0.0 ], 
					"rotationOrigin": [ 3.0, 0.0, 0.0 ],
					"rotationX": -45.0,
					"faces": {
						"north": { "texture": "#bottom12", "uv": [ 1.0, 1.0, 15.0, 8.0 ], "enabled": false },
						"east": { "texture": "#null", "uv": [ 0.0, 0.0, 0.5, 7.0 ], "enabled": false },
						"south": { "texture": "#bottom12", "uv": [ 1.0, 1.0, 15.0, 8.0 ], "windMode": [0,0,7,7] },
						"west": { "texture": "#null", "uv": [ 0.0, 0.0, 0.5, 7.0 ], "enabled": false },
						"up": { "texture": "#null", "uv": [ 0.0, 0.0, 14.0, 0.5 ], "enabled": false },
						"down": { "texture": "#cauliflower", "uv": [ 0.0, 0.0, 14.0, 0.5 ], "enabled": false }
					}
				},
				{
					"name": "large E",
					"from": [ 6.0, 0.0, -4.0 ], 
					"to": [ 6.0, 7.0, 10.0 ], 
					"rotationOrigin": [ 6.0, 0.0, 3.0 ],
					"rotationZ": -45.0,
					"faces": {
						"north": { "texture": "#cauliflower", "uv": [ 0.0, 0.0, 0.5, 7.0 ], "enabled": false },
						"east": { "texture": "#bottom12", "uv": [ 1.0, 1.0, 15.0, 8.0 ], "enabled": false },
						"south": { "texture": "#null", "uv": [ 0.0, 0.0, 0.5, 7.0 ], "enabled": false },
						"west": { "texture": "#bottom12", "uv": [ 1.0, 1.0, 15.0, 8.0 ], "windMode": [0,0,7,7] },
						"up": { "texture": "#null", "uv": [ 0.0, 0.0, 0.5, 14.0 ], "enabled": false },
						"down": { "texture": "#cauliflower", "uv": [ 0.0, 0.0, 0.5, 14.0 ], "enabled": false }
					}
				},
				{
					"name": "top",
					"from": [ 0.5, 5.0, 0.5 ], 
					"to": [ 5.5, 5.5, 5.5 ], 
					"faces": {
						"north": { "texture": "#top", "uv": [ 0.0, 0.0, 5.0, 0.5 ], "windMode": [0,0,0,0] },
						"east": { "texture": "#top", "uv": [ 0.0, 0.0, 5.0, 0.5 ], "windMode": [0,0,0,0] },
						"south": { "texture": "#top", "uv": [ 0.0, 0.0, 5.0, 0.5 ], "windMode": [0,0,0,0] },
						"west": { "texture": "#top", "uv": [ 0.0, 0.0, 5.0, 0.5 ], "windMode": [0,0,0,0] },
						"up": { "texture": "#top", "uv": [ 7.5, 6.0, 12.5, 11.0 ], "windMode": [0,0,0,0] },
						"down": { "texture": "#top", "uv": [ 0.0, 0.0, 5.0, 5.0 ], "enabled": false }
					}
				},
				{
					"name": "large S19",
					"from": [ -2.0, 0.0, 5.0 ], 
					"to": [ 12.0, 7.0, 5.0 ], 
					"rotationOrigin": [ 5.0, 0.0, 5.0 ],
					"rotationX": 80.0,
					"rotationY": 10.0,
					"rotationZ": -40.0,
					"faces": {
						"north": { "texture": "#bottom12", "uv": [ 1.0, 1.0, 15.0, 8.0 ], "windMode": [0,7,7,0] },
						"east": { "texture": "#null", "uv": [ 0.0, 0.0, 0.5, 7.0 ], "enabled": false },
						"south": { "texture": "#bottom12", "uv": [ 1.0, 1.0, 15.0, 8.0 ], "enabled": false },
						"west": { "texture": "#null", "uv": [ 0.0, 0.0, 0.0, 7.0 ], "enabled": false, "autoUv": false },
						"up": { "texture": "#null", "uv": [ 0.0, 0.0, 14.0, 0.5 ], "enabled": false },
						"down": { "texture": "#cauliflower", "uv": [ 0.0, 0.0, 14.0, 0.5 ], "enabled": false }
					}
				},
				{
					"name": "large W20",
					"from": [ 1.0, 0.0, -2.0 ], 
					"to": [ 1.0, 7.0, 12.0 ], 
					"rotationOrigin": [ 1.0, 0.0, 5.0 ],
					"rotationY": 40.0,
					"rotationZ": 80.0,
					"faces": {
						"north": { "texture": "#cauliflower", "uv": [ 0.0, 0.0, 0.5, 7.0 ], "enabled": false },
						"east": { "texture": "#bottom12", "uv": [ 2.0, 1.0, 16.0, 8.0 ], "windMode": [0,7,7,0] },
						"south": { "texture": "#null", "uv": [ 0.0, 0.0, 0.5, 7.0 ], "enabled": false },
						"west": { "texture": "#bottom12", "uv": [ 1.0, 1.0, 15.0, 8.0 ], "enabled": false },
						"up": { "texture": "#null", "uv": [ 0.0, 0.0, 0.5, 14.0 ], "enabled": false },
						"down": { "texture": "#cauliflower", "uv": [ 0.0, 0.0, 0.5, 14.0 ], "enabled": false }
					}
				},
				{
					"name": "large N21",
					"from": [ -6.0, 0.0, 1.0 ], 
					"to": [ 8.0, 7.0, 1.0 ], 
					"rotationOrigin": [ 1.0, 0.0, 1.0 ],
					"rotationX": -80.0,
					"rotationY": 10.0,
					"rotationZ": 40.0,
					"faces": {
						"north": { "texture": "#bottom12", "uv": [ 1.0, 1.0, 15.0, 8.0 ], "enabled": false },
						"east": { "texture": "#null", "uv": [ 0.0, 0.0, 0.5, 7.0 ], "enabled": false },
						"south": { "texture": "#bottom12", "uv": [ 1.5, 0.5, 15.5, 7.5 ], "windMode": [0,0,7,7] },
						"west": { "texture": "#null", "uv": [ 0.0, 0.0, 0.5, 7.0 ], "enabled": false },
						"up": { "texture": "#null", "uv": [ 0.0, 0.0, 14.0, 0.5 ], "enabled": false },
						"down": { "texture": "#cauliflower", "uv": [ 0.0, 0.0, 14.0, 0.5 ], "enabled": false }
					}
				},
				{
					"name": "large E22",
					"from": [ 5.0, 0.0, -6.0 ], 
					"to": [ 5.0, 7.0, 8.0 ], 
					"rotationOrigin": [ 5.0, 0.0, 1.0 ],
					"rotationY": 40.0,
					"rotationZ": -80.0,
					"faces": {
						"north": { "texture": "#cauliflower", "uv": [ 0.0, 0.0, 0.5, 7.0 ], "enabled": false },
						"east": { "texture": "#bottom12", "uv": [ 1.0, 1.0, 15.0, 8.0 ], "enabled": false },
						"south": { "texture": "#null", "uv": [ 0.0, 0.0, 0.5, 7.0 ], "enabled": false },
						"west": { "texture": "#bottom12", "uv": [ 1.5, 1.0, 15.5, 8.0 ], "windMode": [0,0,7,7] },
						"up": { "texture": "#null", "uv": [ 0.0, 0.0, 0.5, 14.0 ], "enabled": false },
						"down": { "texture": "#cauliflower", "uv": [ 0.0, 0.0, 0.5, 14.0 ], "enabled": false }
					}
				},
				{
					"name": "top15",
					"from": [ 1.2, 5.5, 1.25 ], 
					"to": [ 4.7, 6.0, 4.75 ], 
					"rotationOrigin": [ 0.7, 0.5, 0.7 ],
					"faces": {
						"north": { "texture": "#top", "uv": [ 0.0, 0.0, 3.5, 0.5 ] },
						"east": { "texture": "#top", "uv": [ 0.0, 0.0, 3.5, 0.5 ] },
						"south": { "texture": "#top", "uv": [ 0.0, 0.0, 3.5, 0.5 ] },
						"west": { "texture": "#top", "uv": [ 0.0, 0.0, 3.5, 0.5 ] },
						"up": { "texture": "#top", "uv": [ 7.5, 6.0, 11.0, 9.5 ] },
						"down": { "texture": "#top", "uv": [ 0.0, 0.0, 3.5, 3.5 ], "enabled": false }
					}
				}
			]
		}
	]}