{
	"editor": {
		"allAngles": true,
		"entityTextureMode": false
	},
	"textureWidth": 16,
	"textureHeight": 16,
	"textureSizes": {
	},
	"textures": {
		"middle11": "morecropsfix:block/plant/crop/cauliflower/middle11",
		"top": "morecropsfix:block/plant/crop/cauliflower/top",
		"bottom11": "morecropsfix:block/plant/crop/cauliflower/bottom11"
	},
	"elements": [
		{
			"name": "cauliflower",
			"from": [ 5.5, 0.0, 5.5 ], 
			"to": [ 10.5, 4.0, 10.5 ], 
			"rotationOrigin": [ 8.0, 0.0, 8.0 ],
			"faces": {
				"north": { "texture": "#top", "uv": [ 6.0, 3.0, 11.0, 7.0 ], "windMode": [0,0,0,0] },
				"east": { "texture": "#top", "uv": [ 0.0, 3.0, 5.0, 7.0 ], "windMode": [0,0,0,0] },
				"south": { "texture": "#top", "uv": [ 6.5, 11.0, 11.5, 15.0 ], "windMode": [0,0,0,0] },
				"west": { "texture": "#top", "uv": [ 0.0, 11.0, 5.0, 15.0 ], "windMode": [0,0,0,0] },
				"up": { "texture": "#top", "uv": [ 6.0, 2.0, 11.0, 7.0 ], "windMode": [0,0,0,0] },
				"down": { "texture": "#top", "uv": [ 6.0, 2.0, 11.0, 7.0 ], "windMode": [0,0,0,0] }
			},
			"children": [
				{
					"name": "large S",
					"from": [ -4.5, 0.0, 5.0 ], 
					"to": [ 9.5, 7.0, 5.0 ], 
					"rotationOrigin": [ 2.5, 0.0, 5.0 ],
					"rotationX": 45.0,
					"faces": {
						"north": { "texture": "#middle11", "uv": [ 1.0, 1.0, 15.0, 8.0 ], "windMode": [0,7,7,0] },
						"east": { "texture": "#null", "uv": [ 0.0, 0.0, 0.5, 7.0 ], "enabled": false },
						"south": { "texture": "#middle11", "uv": [ 1.0, 1.0, 15.0, 8.0 ], "enabled": false },
						"west": { "texture": "#null", "uv": [ 0.0, 0.0, 0.5, 7.0 ], "enabled": false },
						"up": { "texture": "#null", "uv": [ 0.0, 0.0, 14.0, 0.5 ], "enabled": false },
						"down": { "texture": "#cauliflower", "uv": [ 0.0, 0.0, 14.0, 0.5 ], "enabled": false }
					}
				},
				{
					"name": "large W",
					"from": [ 0.0, 0.0, -4.5 ], 
					"to": [ 0.0, 7.0, 9.5 ], 
					"rotationOrigin": [ 0.0, 0.0, 2.5 ],
					"rotationZ": 45.0,
					"faces": {
						"north": { "texture": "#middle11", "uv": [ 0.0, 0.0, 0.5, 7.0 ], "enabled": false },
						"east": { "texture": "#middle11", "uv": [ 1.0, 1.0, 15.0, 8.0 ], "windMode": [0,7,7,0] },
						"south": { "texture": "#middle11", "uv": [ 0.0, 0.0, 0.5, 7.0 ], "enabled": false },
						"west": { "texture": "#middle11", "uv": [ 1.0, 1.0, 15.0, 8.0 ], "enabled": false },
						"up": { "texture": "#middle11", "uv": [ 0.0, 0.0, 0.5, 14.0 ], "enabled": false },
						"down": { "texture": "#middle11", "uv": [ 0.0, 0.0, 0.5, 14.0 ], "enabled": false }
					}
				},
				{
					"name": "large N",
					"from": [ -4.5, 0.0, 0.0 ], 
					"to": [ 9.5, 7.0, 0.0 ], 
					"rotationOrigin": [ 2.5, 0.0, 0.0 ],
					"rotationX": -45.0,
					"faces": {
						"north": { "texture": "#middle11", "uv": [ 1.0, 1.0, 15.0, 8.0 ], "enabled": false },
						"east": { "texture": "#middle11", "uv": [ 0.0, 0.0, 0.5, 7.0 ], "enabled": false },
						"south": { "texture": "#middle11", "uv": [ 1.0, 1.0, 15.0, 8.0 ], "windMode": [0,0,7,7] },
						"west": { "texture": "#middle11", "uv": [ 0.0, 0.0, 0.5, 7.0 ], "enabled": false },
						"up": { "texture": "#middle11", "uv": [ 0.0, 0.0, 14.0, 0.5 ], "enabled": false },
						"down": { "texture": "#middle11", "uv": [ 0.0, 0.0, 14.0, 0.5 ], "enabled": false }
					}
				},
				{
					"name": "large E",
					"from": [ 5.0, 0.0, -4.5 ], 
					"to": [ 5.0, 7.0, 9.5 ], 
					"rotationOrigin": [ 5.0, 0.0, 2.5 ],
					"rotationZ": -45.0,
					"faces": {
						"north": { "texture": "#middle11", "uv": [ 0.0, 0.0, 0.5, 7.0 ], "enabled": false },
						"east": { "texture": "#middle11", "uv": [ 1.0, 1.0, 15.0, 8.0 ], "enabled": false },
						"south": { "texture": "#middle11", "uv": [ 0.0, 0.0, 0.5, 7.0 ], "enabled": false },
						"west": { "texture": "#middle11", "uv": [ 1.0, 1.0, 15.0, 8.0 ], "windMode": [0,0,7,7] },
						"up": { "texture": "#middle11", "uv": [ 0.0, 0.0, 0.5, 14.0 ], "enabled": false },
						"down": { "texture": "#middle11", "uv": [ 0.0, 0.0, 0.5, 14.0 ], "enabled": false }
					}
				},
				{
					"name": "top",
					"from": [ 0.5, 4.0, 0.5 ], 
					"to": [ 4.5, 4.5, 4.5 ], 
					"faces": {
						"north": { "texture": "#top", "uv": [ 0.0, 0.0, 4.0, 0.5 ], "windMode": [0,0,0,0] },
						"east": { "texture": "#top", "uv": [ 0.0, 0.0, 4.0, 0.5 ], "windMode": [0,0,0,0] },
						"south": { "texture": "#top", "uv": [ 0.0, 0.0, 4.0, 0.5 ], "windMode": [0,0,0,0] },
						"west": { "texture": "#top", "uv": [ 0.0, 0.0, 4.0, 0.5 ], "windMode": [0,0,0,0] },
						"up": { "texture": "#top", "uv": [ 8.0, 7.0, 12.0, 11.0 ], "windMode": [0,0,0,0] },
						"down": { "texture": "#top", "uv": [ 0.0, 0.0, 4.0, 4.0 ], "enabled": false }
					}
				},
				{
					"name": "medium 1",
					"from": [ -2.0, 2.0, 4.5 ], 
					"to": [ 12.0, 9.0, 4.5 ], 
					"rotationOrigin": [ 5.0, 2.0, 4.5 ],
					"rotationX": 32.0,
					"rotationY": 45.0,
					"rotationZ": -22.5,
					"faces": {
						"north": { "texture": "#bottom11", "uv": [ 1.0, 9.0, 15.0, 16.0 ], "windMode": [7,7,7,7] },
						"east": { "texture": "#null", "uv": [ 0.0, 0.0, 0.0, 7.0 ], "enabled": false },
						"south": { "texture": "#null", "uv": [ 0.0, 0.0, 14.0, 7.0 ], "enabled": false },
						"west": { "texture": "#null", "uv": [ 0.0, 0.0, 0.0, 7.0 ], "enabled": false },
						"up": { "texture": "#null", "uv": [ 0.0, 0.0, 14.0, 0.0 ], "enabled": false },
						"down": { "texture": "#cauliflower", "uv": [ 0.0, 0.0, 14.0, 0.0 ], "enabled": false }
					}
				},
				{
					"name": "medium 2",
					"from": [ -6.5, 2.0, 0.0 ], 
					"to": [ 7.5, 9.0, 0.0 ], 
					"rotationOrigin": [ 0.5, 2.0, 0.0 ],
					"rotationX": -32.0,
					"rotationY": 45.0,
					"rotationZ": 22.5,
					"faces": {
						"north": { "texture": "#bottom11", "uv": [ 1.0, 9.0, 15.0, 16.0 ], "windMode": [7,7,7,7] },
						"east": { "texture": "#null", "uv": [ 0.0, 0.0, 0.0, 7.0 ], "enabled": false },
						"south": { "texture": "#null", "uv": [ 0.0, 0.0, 14.0, 7.0 ], "enabled": false },
						"west": { "texture": "#null", "uv": [ 0.0, 0.0, 0.0, 7.0 ], "enabled": false },
						"up": { "texture": "#null", "uv": [ 0.0, 0.0, 14.0, 0.0 ], "enabled": false },
						"down": { "texture": "#cauliflower", "uv": [ 0.0, 0.0, 14.0, 0.0 ], "enabled": false }
					}
				},
				{
					"name": "medium 3",
					"from": [ -2.0, 2.0, 0.5 ], 
					"to": [ 12.0, 9.0, 0.5 ], 
					"rotationOrigin": [ 4.8, 2.0, 0.5 ],
					"rotationX": -32.0,
					"rotationY": -40.0,
					"rotationZ": -22.5,
					"faces": {
						"north": { "texture": "#bottom11", "uv": [ 1.0, 9.0, 15.0, 16.0 ], "windMode": [7,7,7,7] },
						"east": { "texture": "#null", "uv": [ 0.0, 0.0, 0.0, 7.0 ], "enabled": false },
						"south": { "texture": "#null", "uv": [ 0.0, 0.0, 14.0, 7.0 ], "enabled": false },
						"west": { "texture": "#null", "uv": [ 0.0, 0.0, 0.0, 7.0 ], "enabled": false },
						"up": { "texture": "#null", "uv": [ 0.0, 0.0, 14.0, 0.0 ], "enabled": false },
						"down": { "texture": "#cauliflower", "uv": [ 0.0, 0.0, 14.0, 0.0 ], "enabled": false }
					}
				},
				{
					"name": "medium 4",
					"from": [ -6.0, 2.0, 4.5 ], 
					"to": [ 8.0, 9.0, 4.5 ], 
					"rotationOrigin": [ 0.5, 2.0, 4.5 ],
					"rotationX": 32.0,
					"rotationY": -40.0,
					"rotationZ": 23.5,
					"faces": {
						"north": { "texture": "#bottom11", "uv": [ 1.0, 9.0, 15.0, 16.0 ], "windMode": [7,7,7,7] },
						"east": { "texture": "#null", "uv": [ 0.0, 0.0, 0.5, 7.0 ], "enabled": false },
						"south": { "texture": "#null", "uv": [ 0.0, 0.0, 14.0, 7.0 ], "enabled": false },
						"west": { "texture": "#null", "uv": [ 0.0, 0.0, 0.5, 7.0 ], "enabled": false },
						"up": { "texture": "#null", "uv": [ 0.0, 0.0, 14.0, 0.5 ], "enabled": false },
						"down": { "texture": "#cauliflower", "uv": [ 0.0, 0.0, 14.0, 0.5 ], "enabled": false }
					}
				},
				{
					"name": "large S19",
					"from": [ -2.5, 0.0, 4.5 ], 
					"to": [ 11.5, 7.0, 4.5 ], 
					"rotationOrigin": [ 4.5, 0.0, 4.5 ],
					"rotationX": 80.0,
					"rotationY": 10.0,
					"rotationZ": -40.0,
					"faces": {
						"north": { "texture": "#bottom11", "uv": [ 1.0, 1.0, 15.0, 8.0 ], "windMode": [0,7,7,0] },
						"east": { "texture": "#null", "uv": [ 0.0, 0.0, 0.5, 7.0 ], "enabled": false },
						"south": { "texture": "#bottom11", "uv": [ 1.0, 1.0, 15.0, 8.0 ], "enabled": false },
						"west": { "texture": "#null", "uv": [ 0.0, 0.0, 0.5, 7.0 ], "enabled": false },
						"up": { "texture": "#null", "uv": [ 0.0, 0.0, 14.0, 0.5 ], "enabled": false },
						"down": { "texture": "#cauliflower", "uv": [ 0.0, 0.0, 14.0, 0.5 ], "enabled": false }
					}
				},
				{
					"name": "large W20",
					"from": [ 1.0, 0.0, -2.5 ], 
					"to": [ 1.0, 7.0, 11.5 ], 
					"rotationOrigin": [ 1.0, 0.0, 4.5 ],
					"rotationY": 40.0,
					"rotationZ": 80.0,
					"faces": {
						"north": { "texture": "#cauliflower", "uv": [ 0.0, 0.0, 0.5, 7.0 ], "enabled": false },
						"east": { "texture": "#bottom11", "uv": [ 1.0, 1.0, 15.0, 8.0 ], "windMode": [0,7,7,0] },
						"south": { "texture": "#null", "uv": [ 0.0, 0.0, 0.5, 7.0 ], "enabled": false },
						"west": { "texture": "#bottom11", "uv": [ 1.0, 1.0, 15.0, 8.0 ], "enabled": false },
						"up": { "texture": "#null", "uv": [ 0.0, 0.0, 0.5, 14.0 ], "enabled": false },
						"down": { "texture": "#cauliflower", "uv": [ 0.0, 0.0, 0.5, 14.0 ], "enabled": false }
					}
				},
				{
					"name": "large N21",
					"from": [ -6.0, 0.0, 1.0 ], 
					"to": [ 8.0, 7.0, 1.0 ], 
					"rotationOrigin": [ 1.0, 0.0, 1.0 ],
					"rotationX": -80.0,
					"rotationY": 10.0,
					"rotationZ": 40.0,
					"faces": {
						"north": { "texture": "#bottom11", "uv": [ 1.0, 1.0, 15.0, 8.0 ], "enabled": false },
						"east": { "texture": "#null", "uv": [ 0.0, 0.0, 0.5, 7.0 ], "enabled": false },
						"south": { "texture": "#bottom11", "uv": [ 1.0, 1.0, 15.0, 8.0 ], "windMode": [0,0,7,7] },
						"west": { "texture": "#null", "uv": [ 0.0, 0.0, 0.5, 7.0 ], "enabled": false },
						"up": { "texture": "#null", "uv": [ 0.0, 0.0, 14.0, 0.5 ], "enabled": false },
						"down": { "texture": "#cauliflower", "uv": [ 0.0, 0.0, 14.0, 0.5 ], "enabled": false }
					}
				},
				{
					"name": "large E22",
					"from": [ 4.5, 0.0, -6.5 ], 
					"to": [ 4.5, 7.0, 7.5 ], 
					"rotationOrigin": [ 4.5, 0.0, 0.5 ],
					"rotationY": 40.0,
					"rotationZ": -80.0,
					"faces": {
						"north": { "texture": "#cauliflower", "uv": [ 0.0, 0.0, 0.5, 7.0 ], "enabled": false },
						"east": { "texture": "#bottom11", "uv": [ 1.0, 1.0, 15.0, 8.0 ], "enabled": false },
						"south": { "texture": "#null", "uv": [ 0.0, 0.0, 0.5, 7.0 ], "enabled": false },
						"west": { "texture": "#bottom11", "uv": [ 1.0, 1.0, 15.0, 8.0 ], "windMode": [0,0,7,7] },
						"up": { "texture": "#null", "uv": [ 0.0, 0.0, 0.5, 14.0 ], "enabled": false },
						"down": { "texture": "#cauliflower", "uv": [ 0.0, 0.0, 0.5, 14.0 ], "enabled": false }
					}
				},
				{
					"name": "top15",
					"from": [ 1.2, 4.6, 1.3 ], 
					"to": [ 3.7, 5.1, 3.8 ], 
					"rotationOrigin": [ 0.7, 0.6, 0.8 ],
					"faces": {
						"north": { "texture": "#top", "uv": [ 0.0, 0.0, 2.5, 0.5 ] },
						"east": { "texture": "#top", "uv": [ 0.0, 0.0, 2.5, 0.5 ] },
						"south": { "texture": "#top", "uv": [ 0.0, 0.0, 2.5, 0.5 ] },
						"west": { "texture": "#top", "uv": [ 0.0, 0.0, 2.5, 0.5 ] },
						"up": { "texture": "#top", "uv": [ 8.0, 7.0, 10.5, 9.5 ] },
						"down": { "texture": "#top", "uv": [ 0.0, 0.0, 2.5, 2.5 ], "enabled": false }
					}
				}
			]
		}
	]}