[
  {
    "op": "add",
    "path": "/ingredients/4",
    "value": {
      "code": "vegetable-extra",
      "validStacks": [
        {
          "type": "item",
          "code": "morecropsfix:vegetable-*",
          "shapeElement": "bowl/vegetable 1/*"
        },
		{
          "type": "item",
          "code": "morecropsfix:pickledvegetable-*",
          "shapeElement": "bowl/vegetable 1/*"
        },
		{
          "type": "item",
          "code": "morecropsfix:choppedvegetable-*",
          "shapeElement": "bowl/vegetable 1/*"
        }
      ],
      "minQuantity": 0,
      "maxQuantity": 1
    },
    "side": "server",
    "file": "recipes/cooking/scrambledeggs.json"
  },
  {
    "op": "add",
    "path": "/ingredients/5",
    "value": {
      "code": "vegetable-base2",
      "validStacks": [
        {
          "type": "item",
          "code": "morecropsfix:vegetable-*",
          "shapeElement": "bowl/vegetable 2/*"
        },
		{
          "type": "item",
          "code": "morecropsfix:pickledvegetable-*",
          "shapeElement": "bowl/vegetable 2/*"
        },
		{
          "type": "item",
          "code": "morecropsfix:choppedvegetable-*",
          "shapeElement": "bowl/vegetable 2/*"
        }
      ],
      "minQuantity": 0,
      "maxQuantity": 1
    },
    "side": "server",
    "file": "recipes/cooking/scrambledeggs.json"
  }
]