[
  {
    "op": "addeach",
	"path": "/ingredients/1/validStacks/-",
	"value": [
        {
          "type": "item",
          "code": "morecropsfix:vegetable-*",
          "shapeElement": "bowl/vegetable base 1/*"
        },
		{
          "type": "item",
          "code": "morecropsfix:pickledvegetable-*",
          "shapeElement": "bowl/vegetable base 1/*"
        },
		{
          "type": "item",
          "code": "morecropsfix:choppedvegetable-*",
          "shapeElement": "bowl/vegetable base 1/*"
        }
      ],
    "side": "server",
    "file": "recipes/cooking/soup.json"
  },
  {
    "op": "addeach",
	"path": "/ingredients/2/validStacks/-",
	"value": [
        {
          "type": "item",
          "code": "morecropsfix:vegetable-*",
          "shapeElement": "bowl/vegetable base 2/*"
        },
		{
          "type": "item",
          "code": "morecropsfix:pickledvegetable-*",
          "shapeElement": "bowl/vegetable base 2/*"
        },
		{
          "type": "item",
          "code": "morecropsfix:choppedvegetable-*",
          "shapeElement": "bowl/vegetable base 2/*"
        }
      ],
    "side": "server",
    "file": "recipes/cooking/soup.json"
  },
  {
    "op": "addeach",
	"path": "/ingredients/3/validStacks/-",
	"value": [
        {
          "type": "item",
          "code": "morecropsfix:vegetable-*",
          "shapeElement": "bowl/vegetable base 3/*"
        },
		{
          "type": "item",
          "code": "morecropsfix:pickledvegetable-*",
          "shapeElement": "bowl/vegetable base 3/*"
        },
		{
          "type": "item",
          "code": "morecropsfix:choppedvegetable-*",
          "shapeElement": "bowl/vegetable base 3/*"
        }
      ],
    "side": "server",
    "file": "recipes/cooking/soup.json"
  }
]