{
	"editor": {
		"allAngles": false,
		"entityTextureMode": false
	},
	"textureWidth": 16,
	"textureHeight": 16,
	"textureSizes": {
	},
	"textures": {
		"crop": "morecropsfix:block/plant/crop/oat/normal5"
	},
	"elements": [
		{
			"name": "origin",
			"from": [ 8.0, 0.0, 8.0 ], 
			"to": [ 8.0, 0.0, 8.0 ], 
			"rotationOrigin": [ 8.0, 0.0, 8.0 ],
			"faces": {
				"north": { "texture": "#crop", "uv": [ 0.0, 0.0, 0.5, 0.5 ], "windMode": [0,0,0,0] },
				"east": { "texture": "#crop", "uv": [ 0.0, 0.0, 0.5, 0.5 ], "windMode": [0,0,0,0] },
				"south": { "texture": "#crop", "uv": [ 0.0, 0.0, 0.5, 0.5 ], "windMode": [0,0,0,0] },
				"west": { "texture": "#crop", "uv": [ 0.0, 0.0, 0.5, 0.5 ], "windMode": [0,0,0,0] },
				"up": { "texture": "#crop", "uv": [ 0.0, 0.0, 0.5, 0.5 ], "windMode": [0,0,0,0] },
				"down": { "texture": "#crop", "uv": [ 0.0, 0.0, 0.5, 0.5 ], "windMode": [0,0,0,0] }
			},
			"children": [
				{
					"name": "N",
					"from": [ -8.0, 0.0, -5.0 ], 
					"to": [ 8.0, 16.0, -5.0 ], 
					"shade": false,
					"rotationOrigin": [ -8.0, 0.0, -7.0 ],
					"faces": {
						"north": { "texture": "#crop", "uv": [ 0.0, 0.0, 16.0, 16.0 ], "enabled": false, "windMode": [0,0,1,1], "windData": [0,1,1,0] },
						"east": { "texture": "#crop", "uv": [ 0.0, 0.0, 0.5, 16.0 ], "enabled": false, "windData": [0,1,1,0] },
						"south": { "texture": "#crop", "uv": [ 0.0, 0.0, 16.0, 16.0 ], "windMode": [0,0,2,2], "windData": [0,0,1,1] },
						"west": { "texture": "#crop", "uv": [ 0.0, 0.0, 0.5, 16.0 ], "enabled": false, "windData": [0,0,1,1] },
						"up": { "texture": "#crop", "uv": [ 0.0, 0.0, 16.0, 0.5 ], "enabled": false, "windData": [1,1,1,1] },
						"down": { "texture": "#crop", "uv": [ 0.0, 0.0, 16.0, 0.5 ], "enabled": false }
					}
				},
				{
					"name": "S",
					"from": [ -8.0, 0.0, 5.0 ], 
					"to": [ 8.0, 16.0, 5.0 ], 
					"shade": false,
					"rotationOrigin": [ -8.0, 0.0, -7.0 ],
					"faces": {
						"north": { "texture": "#crop", "uv": [ 0.0, 0.0, 16.0, 16.0 ], "enabled": false, "windData": [0,1,1,0] },
						"east": { "texture": "#crop", "uv": [ 0.0, 0.0, 0.5, 16.0 ], "enabled": false, "windData": [0,1,1,0] },
						"south": { "texture": "#crop", "uv": [ 0.0, 0.0, 16.0, 16.0 ], "windMode": [0,0,2,2], "windData": [0,0,1,1] },
						"west": { "texture": "#crop", "uv": [ 0.0, 0.0, 0.5, 16.0 ], "enabled": false, "windData": [0,0,1,1] },
						"up": { "texture": "#crop", "uv": [ 0.0, 0.0, 16.0, 0.5 ], "enabled": false, "windData": [1,1,1,1] },
						"down": { "texture": "#crop", "uv": [ 0.0, 0.0, 16.0, 0.5 ], "enabled": false }
					}
				},
				{
					"name": "W",
					"from": [ -5.0, 0.0, -8.0 ], 
					"to": [ -5.0, 16.0, 8.0 ], 
					"shade": false,
					"rotationOrigin": [ -8.0, 0.0, -8.0 ],
					"faces": {
						"north": { "texture": "#crop", "uv": [ 0.0, 0.0, 0.5, 16.0 ], "enabled": false, "windMode": [0,0,1,1], "windData": [0,1,1,0] },
						"east": { "texture": "#crop", "uv": [ 0.0, 0.0, 16.0, 16.0 ], "enabled": false, "windData": [0,1,1,0] },
						"south": { "texture": "#crop", "uv": [ 0.0, 0.0, 0.5, 16.0 ], "enabled": false, "windData": [0,0,1,1] },
						"west": { "texture": "#crop", "uv": [ 0.0, 0.0, 16.0, 16.0 ], "windMode": [0,0,2,2], "windData": [0,0,1,1] },
						"up": { "texture": "#crop", "uv": [ 0.0, 0.0, 0.5, 16.0 ], "enabled": false, "windData": [1,1,1,1] },
						"down": { "texture": "#crop", "uv": [ 0.0, 0.0, 0.5, 16.0 ], "enabled": false }
					}
				},
				{
					"name": "E",
					"from": [ 5.0, 0.0, -8.0 ], 
					"to": [ 5.0, 16.0, 8.0 ], 
					"shade": false,
					"rotationOrigin": [ -8.0, 0.0, -8.0 ],
					"faces": {
						"north": { "texture": "#crop", "uv": [ 0.0, 0.0, 0.5, 16.0 ], "enabled": false, "windMode": [0,0,1,1], "windData": [0,1,1,0] },
						"east": { "texture": "#crop", "uv": [ 0.0, 0.0, 16.0, 16.0 ], "enabled": false, "windData": [0,1,1,0] },
						"south": { "texture": "#crop", "uv": [ 0.0, 0.0, 0.5, 16.0 ], "enabled": false, "windData": [0,0,1,1] },
						"west": { "texture": "#crop", "uv": [ 0.0, 0.0, 16.0, 16.0 ], "windMode": [0,0,2,2], "windData": [0,0,1,1] },
						"up": { "texture": "#crop", "uv": [ 0.0, 0.0, 0.5, 16.0 ], "enabled": false, "windData": [1,1,1,1] },
						"down": { "texture": "#crop", "uv": [ 0.0, 0.0, 0.5, 16.0 ], "enabled": false }
					}
				}
			]
		}
	]}