[
  {
    "file": "morecropsfix:recipes/kneading/dumpling.json",
    "op": "replace",
    "path": "/0/enabled",
    "value": true,
    "dependsOn": [{ "modid": "expandedfoods" }]
  },

  {
    "op": "add",
    "path": "/attributes/renderIngredientsByType/*-raw",
    "value": {"morecropsfix:flour-oat" : "morecropsfix:shapes/item/food/dumpling/flaxraw.json"},
    "file": "expandedfoods:itemtypes/food/mixing/dumpling.json",
    "side": "server",
    dependsOn: [{ "modid": "expandedfoods" }]
  },
  {
    "op": "add",
    "path": "/attributes/renderIngredientsByType/*-partbaked",
    "value": {"morecropsfix:flour-oat" : "morecropsfix:shapes/item/food/dumpling/flaxpartbaked.json"},
    "file": "expandedfoods:itemtypes/food/mixing/dumpling.json",
    "side": "server",
    dependsOn: [{ "modid": "expandedfoods" }]
  },
  {
    "op": "add",
    "path": "/attributes/renderIngredientsByType/*-cooked",
    "value": {"morecropsfix:flour-oat" : "morecropsfix:shapes/item/food/dumpling/flaxcooked.json"},
    "file": "expandedfoods:itemtypes/food/mixing/dumpling.json",
    "side": "server",
    dependsOn: [{ "modid": "expandedfoods" }]
  },
  {
    "op": "add",
    "path": "/attributes/renderIngredientsByType/*-charred",
    "value": {"morecropsfix:flour-oat" : "morecropsfix:shapes/item/food/dumpling/flaxcharred.json"},
    "file": "expandedfoods:itemtypes/food/mixing/dumpling.json",
    "side": "server",
    dependsOn: [{ "modid": "expandedfoods" }]
  },
]