{
	"editor": {
		"allAngles": false,
		"entityTextureMode": false
	},
	"textureWidth": 16,
	"textureHeight": 16,
	"textureSizes": {
	},
	"textures": {
		"flowers": "morecropsfix:block/plant/crop/eggplant/flowers",
		"flowers3": "morecropsfix:block/plant/crop/eggplant/flowers3",
		"sproutsandstem": "morecropsfix:block/plant/crop/eggplant/sproutsandstem",
		"eggplant": "morecropsfix:block/plant/crop/eggplant/eggplant"
	},
	"elements": [
		{
			"name": "plantstalk",
			"from": [ 7.6, -0.5, 7.6 ], 
			"to": [ 8.4, 15.5, 8.4 ], 
			"rotationOrigin": [ 8.0, 0.0, 8.0 ],
			"faces": {
				"north": { "texture": "#sproutsandstem", "uv": [ 0.0, 0.0, 1.0, 16.0 ], "autoUv": false, "windMode": [0,4,4,0] },
				"east": { "texture": "#sproutsandstem", "uv": [ 0.0, 0.0, 1.0, 16.0 ], "autoUv": false, "windMode": [0,4,4,0] },
				"south": { "texture": "#sproutsandstem", "uv": [ 0.0, 0.0, 1.0, 16.0 ], "autoUv": false, "windMode": [0,0,4,4] },
				"west": { "texture": "#sproutsandstem", "uv": [ 0.0, 0.0, 1.0, 16.0 ], "autoUv": false, "windMode": [0,0,4,4] },
				"up": { "texture": "#sproutsandstem", "uv": [ 0.0, 3.5, 1.0, 4.5 ], "autoUv": false, "windMode": [4,4,4,4] },
				"down": { "texture": "#sproutsandstem", "uv": [ 0.0, 0.0, 0.5, 0.5 ], "enabled": false, "windMode": [0,0,0,0] }
			},
			"children": [
				{
					"name": "leaf1",
					"from": [ 0.1, 15.1, -1.2 ], 
					"to": [ 0.1, 19.6, 2.1 ], 
					"rotationOrigin": [ 0.1, 15.1, 0.4 ],
					"rotationZ": 67.5,
					"faces": {
						"north": { "texture": "#sproutsandstem", "uv": [ 0.0, 0.0, 0.5, 4.5 ], "enabled": false, "windMode": [-1,-1,-1,-1] },
						"east": { "texture": "#sproutsandstem", "uv": [ 11.5, 9.5, 15.0, 15.5 ], "autoUv": false, "windMode": [4,7,7,4] },
						"south": { "texture": "#sproutsandstem", "uv": [ 0.0, 0.0, 0.5, 4.5 ], "enabled": false, "windMode": [-1,-1,-1,-1] },
						"west": { "texture": "#sproutsandstem", "uv": [ 11.5, 9.5, 15.0, 15.5 ], "autoUv": false, "windMode": [4,4,7,7] },
						"up": { "texture": "#sproutsandstem", "uv": [ 0.0, 0.0, 0.5, 3.0 ], "enabled": false, "windMode": [-1,-1,-1,-1] },
						"down": { "texture": "#sproutsandstem", "uv": [ 0.0, 0.0, 0.5, 3.0 ], "enabled": false, "windMode": [-1,-1,-1,-1] }
					}
				},
				{
					"name": "leaf2",
					"from": [ 0.7, 15.1, -1.2 ], 
					"to": [ 0.7, 19.6, 2.1 ], 
					"rotationOrigin": [ 0.7, 15.1, 0.4 ],
					"rotationZ": -67.5,
					"faces": {
						"north": { "texture": "#sproutsandstem", "uv": [ 0.0, 0.0, 0.5, 4.5 ], "enabled": false, "windMode": [-1,-1,-1,-1] },
						"east": { "texture": "#sproutsandstem", "uv": [ 11.5, 9.5, 15.0, 15.5 ], "autoUv": false, "windMode": [4,7,7,4] },
						"south": { "texture": "#sproutsandstem", "uv": [ 0.0, 0.0, 0.5, 4.5 ], "enabled": false, "windMode": [-1,-1,-1,-1] },
						"west": { "texture": "#sproutsandstem", "uv": [ 11.5, 9.5, 15.0, 15.5 ], "autoUv": false, "windMode": [4,4,7,7] },
						"up": { "texture": "#sproutsandstem", "uv": [ 0.0, 0.0, 0.5, 3.0 ], "enabled": false, "windMode": [-1,-1,-1,-1] },
						"down": { "texture": "#sproutsandstem", "uv": [ 0.0, 0.0, 0.5, 3.0 ], "enabled": false, "windMode": [-1,-1,-1,-1] }
					}
				},
				{
					"name": "leaf3",
					"from": [ 0.1, 4.6, -1.6 ], 
					"to": [ 0.1, 12.6, 2.4 ], 
					"rotationOrigin": [ 0.1, 4.6, 0.4 ],
					"rotationZ": 67.5,
					"faces": {
						"north": { "texture": "#sproutsandstem", "uv": [ 0.0, 0.0, 0.5, 8.0 ], "enabled": false, "windMode": [-1,-1,-1,-1] },
						"east": { "texture": "#sproutsandstem", "uv": [ 7.0, 0.5, 11.5, 9.5 ], "autoUv": false, "windMode": [4,1,1,4] },
						"south": { "texture": "#sproutsandstem", "uv": [ 0.0, 0.0, 0.5, 8.0 ], "enabled": false, "windMode": [-1,-1,-1,-1] },
						"west": { "texture": "#sproutsandstem", "uv": [ 7.0, 0.5, 11.5, 9.5 ], "autoUv": false, "windMode": [4,4,1,1] },
						"up": { "texture": "#sproutsandstem", "uv": [ 0.0, 0.0, 0.5, 4.0 ], "enabled": false, "windMode": [-1,-1,-1,-1] },
						"down": { "texture": "#sproutsandstem", "uv": [ 0.0, 0.0, 0.5, 4.0 ], "enabled": false, "windMode": [-1,-1,-1,-1] }
					}
				},
				{
					"name": "leaf4",
					"from": [ 0.7, 4.6, -1.6 ], 
					"to": [ 0.7, 12.6, 2.4 ], 
					"rotationOrigin": [ 0.7, 4.6, 0.4 ],
					"rotationZ": -67.5,
					"faces": {
						"north": { "texture": "#sproutsandstem", "uv": [ 0.0, 0.0, 0.5, 8.0 ], "enabled": false, "windMode": [-1,-1,-1,-1] },
						"east": { "texture": "#sproutsandstem", "uv": [ 7.0, 0.5, 11.5, 9.5 ], "autoUv": false, "windMode": [4,1,1,4] },
						"south": { "texture": "#sproutsandstem", "uv": [ 0.0, 0.0, 0.5, 8.0 ], "enabled": false },
						"west": { "texture": "#sproutsandstem", "uv": [ 7.0, 0.5, 11.5, 9.5 ], "autoUv": false, "windMode": [4,4,1,1] },
						"up": { "texture": "#sproutsandstem", "uv": [ 0.0, 0.0, 0.5, 4.0 ], "enabled": false },
						"down": { "texture": "#sproutsandstem", "uv": [ 0.0, 0.0, 0.5, 4.0 ], "enabled": false }
					}
				},
				{
					"name": "leaf5",
					"from": [ -1.7, 8.5, 0.1 ], 
					"to": [ 2.3, 15.0, 0.1 ], 
					"rotationOrigin": [ 0.4, 8.5, 0.1 ],
					"rotationX": -67.5,
					"faces": {
						"north": { "texture": "#sproutsandstem", "uv": [ 11.5, 9.5, 15.0, 16.0 ], "autoUv": false, "windMode": [4,1,1,4] },
						"east": { "texture": "#sproutsandstem", "uv": [ 0.0, 0.0, 0.5, 6.5 ], "enabled": false, "windMode": [-1,-1,-1,-1] },
						"south": { "texture": "#sproutsandstem", "uv": [ 11.5, 9.5, 15.0, 16.0 ], "autoUv": false, "windMode": [4,4,1,1] },
						"west": { "texture": "#sproutsandstem", "uv": [ 0.0, 0.0, 0.5, 6.5 ], "enabled": false, "windMode": [-1,-1,-1,-1] },
						"up": { "texture": "#sproutsandstem", "uv": [ 0.0, 0.0, 4.0, 0.5 ], "enabled": false, "windMode": [-1,-1,-1,-1] },
						"down": { "texture": "#sproutsandstem", "uv": [ 0.0, 0.0, 4.0, 0.5 ], "enabled": false, "windMode": [-1,-1,-1,-1] }
					}
				},
				{
					"name": "leaf6",
					"from": [ -1.6, 8.5, 0.7 ], 
					"to": [ 2.4, 15.0, 0.7 ], 
					"rotationOrigin": [ 0.4, 8.5, 0.7 ],
					"rotationX": 67.5,
					"faces": {
						"north": { "texture": "#sproutsandstem", "uv": [ 11.5, 9.5, 15.0, 16.0 ], "autoUv": false, "windMode": [4,1,1,4] },
						"east": { "texture": "#sproutsandstem", "uv": [ 0.0, 0.0, 0.5, 6.5 ], "enabled": false, "windMode": [-1,-1,-1,-1] },
						"south": { "texture": "#sproutsandstem", "uv": [ 11.5, 9.5, 15.0, 16.0 ], "autoUv": false, "windMode": [4,4,1,1] },
						"west": { "texture": "#sproutsandstem", "uv": [ 0.0, 0.0, 0.5, 6.5 ], "enabled": false, "windMode": [-1,-1,-1,-1] },
						"up": { "texture": "#sproutsandstem", "uv": [ 0.0, 0.0, 4.0, 0.5 ], "enabled": false, "windMode": [-1,-1,-1,-1] },
						"down": { "texture": "#sproutsandstem", "uv": [ 0.0, 0.0, 4.0, 0.5 ], "enabled": false, "windMode": [-1,-1,-1,-1] }
					}
				},
				{
					"name": "fruitstem1",
					"from": [ 1.0, 12.5, -0.6 ], 
					"to": [ 1.4, 14.5, -0.2 ], 
					"rotationOrigin": [ 1.2, 12.5, -0.4 ],
					"rotationX": 22.5,
					"rotationZ": 22.5,
					"faces": {
						"north": { "texture": "#sproutsandstem", "uv": [ 0.0, 0.0, 0.5, 2.0 ], "windMode": [4,4,4,4] },
						"east": { "texture": "#sproutsandstem", "uv": [ 0.0, 0.0, 0.5, 2.0 ], "windMode": [4,4,4,4] },
						"south": { "texture": "#sproutsandstem", "uv": [ 0.0, 0.0, 0.5, 2.0 ], "windMode": [4,4,4,4] },
						"west": { "texture": "#sproutsandstem", "uv": [ 0.0, 0.0, 0.5, 2.0 ], "windMode": [4,4,4,4] },
						"up": { "texture": "#sproutsandstem", "uv": [ 0.0, 0.0, 0.5, 0.5 ], "enabled": false, "windMode": [4,4,4,4] },
						"down": { "texture": "#sproutsandstem", "uv": [ 0.0, 0.0, 0.5, 0.5 ], "windMode": [4,4,4,4] }
					},
					"children": [
						{
							"name": "eggplant1",
							"from": [ -0.2, -4.0, -0.2 ], 
							"to": [ 0.6, 0.0, 0.6 ], 
							"rotationOrigin": [ 0.0, 0.0, 0.0 ],
							"rotationX": -22.5,
							"rotationZ": -22.5,
							"faces": {
								"north": { "texture": "#eggplant", "uv": [ 8.9, 3.0, 10.9, 12.1 ], "autoUv": false, "windMode": [4,4,4,4] },
								"east": { "texture": "#eggplant", "uv": [ 4.0, 2.0, 6.0, 11.0 ], "autoUv": false, "windMode": [4,4,4,4] },
								"south": { "texture": "#eggplant", "uv": [ 10.0, 2.0, 12.0, 11.0 ], "autoUv": false, "windMode": [4,4,4,4] },
								"west": { "texture": "#eggplant", "uv": [ 2.0, 3.0, 4.0, 11.0 ], "autoUv": false, "windMode": [4,4,4,4] },
								"up": { "texture": "#eggplant", "uv": [ 5.0, 3.0, 7.0, 5.0 ], "autoUv": false, "windMode": [4,4,4,4] },
								"down": { "texture": "#eggplant", "uv": [ 3.0, 2.0, 5.0, 4.0 ], "autoUv": false, "windMode": [4,4,4,4] }
							},
							"children": [
								{
									"name": "eggplant18",
									"from": [ -0.1, 3.4, -0.1 ], 
									"to": [ 0.9, 4.1, 0.9 ], 
									"rotationOrigin": [ 0.1, 7.4, 0.1 ],
									"rotationX": 0.0,
									"rotationY": 0.0,
									"rotationZ": 0.0,
									"faces": {
										"north": { "texture": "#sproutsandstem", "uv": [ 0.4, 4.0, 1.4, 4.5 ], "autoUv": false, "windMode": [4,4,4,4] },
										"east": { "texture": "#sproutsandstem", "uv": [ 8.5, 5.0, 9.5, 6.0 ], "autoUv": false, "windMode": [4,4,4,4] },
										"south": { "texture": "#sproutsandstem", "uv": [ 8.5, 4.5, 9.5, 5.5 ], "autoUv": false, "windMode": [4,4,4,4] },
										"west": { "texture": "#sproutsandstem", "uv": [ 0.0, 3.0, 1.0, 3.5 ], "autoUv": false, "windMode": [4,4,4,4] },
										"up": { "texture": "#sproutsandstem", "uv": [ 8.0, 4.5, 9.0, 5.5 ], "autoUv": false, "windMode": [4,4,4,4] },
										"down": { "texture": "#sproutsandstem", "uv": [ 9.0, 5.5, 10.0, 6.5 ], "autoUv": false, "windMode": [4,4,4,4] }
									}
								}
							]
						}
					]
				},
				{
					"name": "fruitstem2",
					"from": [ -0.6, 9.5, 1.0 ], 
					"to": [ -0.2, 11.5, 1.4 ], 
					"rotationOrigin": [ -0.4, 9.5, 1.2 ],
					"rotationX": -22.5,
					"rotationZ": -22.5,
					"faces": {
						"north": { "texture": "#sproutsandstem", "uv": [ 0.0, 0.0, 0.5, 2.0 ], "windMode": [4,4,4,4] },
						"east": { "texture": "#sproutsandstem", "uv": [ 0.0, 0.0, 0.5, 2.0 ], "windMode": [4,4,4,4] },
						"south": { "texture": "#sproutsandstem", "uv": [ 0.0, 0.0, 0.5, 2.0 ], "windMode": [4,4,4,4] },
						"west": { "texture": "#sproutsandstem", "uv": [ 0.0, 0.0, 0.5, 2.0 ], "windMode": [4,4,4,4] },
						"up": { "texture": "#sproutsandstem", "uv": [ 0.0, 0.0, 0.5, 0.5 ], "enabled": false, "windMode": [-1,-1,-1,-1] },
						"down": { "texture": "#sproutsandstem", "uv": [ 0.0, 0.0, 0.5, 0.5 ], "windMode": [4,4,4,4] }
					},
					"children": [
						{
							"name": "eggplant2",
							"from": [ -0.2, -4.0, -0.2 ], 
							"to": [ 0.6, 0.0, 0.6 ], 
							"rotationOrigin": [ 0.0, 0.0, 0.0 ],
							"rotationX": 22.5,
							"rotationZ": 22.5,
							"faces": {
								"north": { "texture": "#eggplant", "uv": [ 11.0, 5.0, 13.0, 13.0 ], "autoUv": false, "windMode": [4,4,4,4] },
								"east": { "texture": "#eggplant", "uv": [ 5.0, 2.0, 7.0, 10.0 ], "autoUv": false, "windMode": [4,4,4,4] },
								"south": { "texture": "#eggplant", "uv": [ 3.0, 6.0, 5.0, 14.0 ], "autoUv": false, "windMode": [4,4,4,4] },
								"west": { "texture": "#eggplant", "uv": [ 9.0, 2.0, 11.0, 10.0 ], "autoUv": false, "windMode": [4,4,4,4] },
								"up": { "texture": "#eggplant", "uv": [ 7.0, 5.0, 9.0, 7.0 ], "autoUv": false, "windMode": [4,4,4,4] },
								"down": { "texture": "#eggplant", "uv": [ 3.0, 2.0, 5.0, 4.0 ], "autoUv": false, "windMode": [4,4,4,4] }
							},
							"children": [
								{
									"name": "eggplant19",
									"from": [ -0.1, 3.5, -0.1 ], 
									"to": [ 0.9, 4.2, 0.9 ], 
									"rotationOrigin": [ 0.1, 7.5, 0.1 ],
									"rotationX": 0.0,
									"rotationY": 0.0,
									"rotationZ": 0.0,
									"faces": {
										"north": { "texture": "#sproutsandstem", "uv": [ 8.0, 5.0, 9.5, 6.0 ], "autoUv": false, "windMode": [4,4,4,4] },
										"east": { "texture": "#sproutsandstem", "uv": [ 8.0, 5.0, 9.5, 6.0 ], "autoUv": false, "windMode": [4,4,4,4] },
										"south": { "texture": "#sproutsandstem", "uv": [ 8.5, 6.0, 10.0, 7.0 ], "autoUv": false, "windMode": [4,4,4,4] },
										"west": { "texture": "#sproutsandstem", "uv": [ 8.0, 5.5, 9.5, 6.5 ], "autoUv": false, "windMode": [4,4,4,4] },
										"up": { "texture": "#sproutsandstem", "uv": [ 8.0, 5.0, 9.0, 6.0 ], "autoUv": false, "windMode": [4,4,4,4] },
										"down": { "texture": "#sproutsandstem", "uv": [ 8.0, 5.0, 9.0, 6.0 ], "autoUv": false, "windMode": [4,4,4,4] }
									}
								}
							]
						}
					]
				},
				{
					"name": "fruitstem3",
					"from": [ 0.2, 5.5, -0.8 ], 
					"to": [ 0.6, 7.5, -0.4 ], 
					"rotationOrigin": [ 0.4, 5.5, -0.6 ],
					"rotationX": 22.5,
					"faces": {
						"north": { "texture": "#sproutsandstem", "uv": [ 0.0, 0.0, 0.5, 2.0 ], "windMode": [4,4,4,4] },
						"east": { "texture": "#sproutsandstem", "uv": [ 0.0, 0.0, 0.5, 2.0 ], "windMode": [4,4,4,4] },
						"south": { "texture": "#sproutsandstem", "uv": [ 0.0, 0.0, 0.5, 2.0 ], "windMode": [4,4,4,4] },
						"west": { "texture": "#sproutsandstem", "uv": [ 0.0, 0.0, 0.5, 2.0 ], "windMode": [4,4,4,4] },
						"up": { "texture": "#sproutsandstem", "uv": [ 0.0, 0.0, 0.5, 0.5 ], "windMode": [4,4,4,4] },
						"down": { "texture": "#sproutsandstem", "uv": [ 0.0, 0.0, 0.5, 0.5 ], "windMode": [4,4,4,4] }
					},
					"children": [
						{
							"name": "eggplant3",
							"from": [ -0.2, -4.0, -0.2 ], 
							"to": [ 0.6, 0.0, 0.6 ], 
							"rotationOrigin": [ 0.0, 0.0, 0.0 ],
							"rotationX": -22.5,
							"faces": {
								"north": { "texture": "#eggplant", "uv": [ 9.0, 5.0, 11.0, 13.0 ], "autoUv": false, "windMode": [4,4,4,4] },
								"east": { "texture": "#eggplant", "uv": [ 5.0, 3.0, 7.0, 11.0 ], "autoUv": false, "windMode": [4,4,4,4] },
								"south": { "texture": "#eggplant", "uv": [ 10.0, 5.0, 12.0, 13.0 ], "autoUv": false, "windMode": [4,4,4,4] },
								"west": { "texture": "#eggplant", "uv": [ 6.0, 3.0, 8.0, 11.0 ], "autoUv": false, "windMode": [4,4,4,4] },
								"up": { "texture": "#eggplant", "uv": [ 4.0, 6.0, 5.5, 7.5 ], "autoUv": false, "windMode": [4,4,4,4] },
								"down": { "texture": "#eggplant", "uv": [ 2.0, 2.0, 3.0, 3.0 ], "windMode": [4,4,4,4] }
							},
							"children": [
								{
									"name": "eggplant17",
									"from": [ -0.1, 3.5, -0.1 ], 
									"to": [ 0.9, 4.2, 0.9 ], 
									"rotationOrigin": [ 0.1, 7.5, 0.1 ],
									"faces": {
										"north": { "texture": "#sproutsandstem", "uv": [ 9.0, 5.0, 10.0, 6.0 ], "autoUv": false, "windMode": [4,4,4,4] },
										"east": { "texture": "#sproutsandstem", "uv": [ 8.5, 5.5, 10.0, 6.5 ], "autoUv": false, "windMode": [4,4,4,4] },
										"south": { "texture": "#sproutsandstem", "uv": [ 8.5, 5.5, 9.5, 6.5 ], "autoUv": false, "windMode": [4,4,4,4] },
										"west": { "texture": "#sproutsandstem", "uv": [ 8.0, 5.5, 9.0, 6.5 ], "autoUv": false, "windMode": [4,4,4,4] },
										"up": { "texture": "#sproutsandstem", "uv": [ 8.5, 6.0, 10.0, 7.0 ], "autoUv": false, "windMode": [4,4,4,4] },
										"down": { "texture": "#sproutsandstem", "uv": [ 0.5, 6.0, 1.5, 7.0 ], "windMode": [4,4,4,4] }
									}
								}
							]
						}
					]
				},
				{
					"name": "flowers1",
					"from": [ 0.3, 9.0, -3.4 ], 
					"to": [ 0.3, 15.0, 4.6 ], 
					"rotationOrigin": [ 0.3, 9.0, 0.4 ],
					"rotationY": 112.5,
					"faces": {
						"north": { "texture": "#null", "uv": [ 0.0, 0.0, 0.5, 6.0 ], "enabled": false, "windMode": [4,4,4,4] },
						"east": { "texture": "#flowers3", "uv": [ 1.0, 9.0, 11.0, 14.5 ], "autoUv": false, "windMode": [4,4,4,4] },
						"south": { "texture": "#null", "uv": [ 0.0, 0.0, 0.5, 6.0 ], "enabled": false, "windMode": [4,4,4,4] },
						"west": { "texture": "#flowers3", "uv": [ 1.0, 9.0, 11.5, 14.5 ], "autoUv": false, "windMode": [4,4,4,4] },
						"up": { "texture": "#null", "uv": [ 0.0, 0.0, 0.5, 8.0 ], "enabled": false, "windMode": [-1,-1,-1,-1] },
						"down": { "texture": "#null", "uv": [ 0.0, 0.0, 0.5, 8.0 ], "enabled": false, "windMode": [-1,-1,-1,-1] }
					}
				},
				{
					"name": "flowers2",
					"from": [ 0.5, 9.0, -3.4 ], 
					"to": [ 0.5, 15.0, 4.6 ], 
					"rotationOrigin": [ 0.5, 9.0, 0.5 ],
					"rotationY": 22.5,
					"faces": {
						"north": { "texture": "#flowers3", "uv": [ 0.0, 0.0, 0.5, 6.0 ], "enabled": false, "windMode": [-1,-1,-1,-1] },
						"east": { "texture": "#flowers3", "uv": [ 1.0, 9.0, 12.5, 14.5 ], "autoUv": false, "windMode": [4,4,4,4] },
						"south": { "texture": "#flowers3", "uv": [ 1.0, 9.0, 12.5, 14.5 ], "enabled": false, "autoUv": false, "windMode": [-1,-1,-1,-1] },
						"west": { "texture": "#flowers3", "uv": [ 1.0, 9.0, 13.0, 14.5 ], "autoUv": false, "windMode": [4,4,4,4] },
						"up": { "texture": "#flowers3", "uv": [ 0.0, 0.0, 0.5, 8.0 ], "enabled": false, "windMode": [-1,-1,-1,-1] },
						"down": { "texture": "#flowers3", "uv": [ 0.0, 0.0, 0.5, 8.0 ], "enabled": false, "windMode": [-1,-1,-1,-1] }
					}
				},
				{
					"name": "flowerstop",
					"from": [ 0.5, 15.8, -1.6 ], 
					"to": [ 0.5, 19.3, 2.4 ], 
					"rotationOrigin": [ 0.5, 15.8, 0.5 ],
					"rotationY": 45.0,
					"faces": {
						"north": { "texture": "#null", "uv": [ 0.0, 0.0, 0.5, 3.5 ], "enabled": false, "windMode": [-1,-1,-1,-1], "windData": [0,1,1,0] },
						"east": { "texture": "#flowers", "uv": [ 1.0, 2.0, 14.0, 13.0 ], "autoUv": false, "windMode": [4,1,1,4], "windData": [0,1,1,0] },
						"south": { "texture": "#null", "uv": [ 0.0, 0.0, 0.5, 3.5 ], "enabled": false },
						"west": { "texture": "#flowers", "uv": [ 1.0, 2.0, 14.0, 13.0 ], "rotation": 180, "autoUv": false, "windMode": [4,4,1,1], "windData": [0,0,1,1] },
						"up": { "texture": "#null", "uv": [ 0.0, 0.0, 0.5, 4.0 ], "enabled": false },
						"down": { "texture": "#null", "uv": [ 0.0, 0.0, 0.5, 4.0 ], "enabled": false }
					}
				}
			]
		}
	]}