{
	"editor": {
		"allAngles": false,
		"entityTextureMode": false
	},
	"textureWidth": 16,
	"textureHeight": 16,
	"textureSizes": {
	},
	"textures": {
		"flowers": "morecropsfix:block/plant/crop/eggplant/flowers",
		"flowers3": "morecropsfix:block/plant/crop/eggplant/flowers3",
		"sproutsandstem": "morecropsfix:block/plant/crop/eggplant/sproutsandstem"
	},
	"elements": [
		{
			"name": "plantstalk",
			"from": [ 7.6, -0.5, 7.6 ], 
			"to": [ 8.4, 13.5, 8.4 ], 
			"rotationOrigin": [ 8.0, 0.0, 8.0 ],
			"faces": {
				"north": { "texture": "#sproutsandstem", "uv": [ 0.0, 0.0, 1.5, 16.0 ], "autoUv": false, "windMode": [0,4,4,0] },
				"east": { "texture": "#sproutsandstem", "uv": [ 0.0, 0.0, 1.5, 16.0 ], "autoUv": false, "windMode": [0,4,4,0] },
				"south": { "texture": "#sproutsandstem", "uv": [ 0.0, 0.0, 1.5, 16.0 ], "autoUv": false, "windMode": [0,0,4,4] },
				"west": { "texture": "#sproutsandstem", "uv": [ 0.0, 0.0, 1.5, 16.0 ], "autoUv": false, "windMode": [0,0,4,4] },
				"up": { "texture": "#sproutsandstem", "uv": [ 0.0, 0.0, 1.5, 1.5 ], "autoUv": false, "windMode": [4,4,4,4] },
				"down": { "texture": "#sproutsandstem", "uv": [ 0.0, 0.0, 0.5, 0.5 ], "enabled": false, "windMode": [0,0,0,0] }
			},
			"children": [
				{
					"name": "leaf1",
					"from": [ 0.1, 13.1, -1.1 ], 
					"to": [ 0.1, 16.1, 1.9 ], 
					"rotationOrigin": [ 0.1, 13.1, 0.4 ],
					"rotationZ": 67.5,
					"faces": {
						"north": { "texture": "#sproutsandstem", "uv": [ 0.0, 0.0, 0.5, 3.0 ], "enabled": false, "windMode": [-1,-1,-1,-1] },
						"east": { "texture": "#sproutsandstem", "uv": [ 11.5, 9.5, 15.0, 16.0 ], "autoUv": false, "windMode": [4,7,7,4] },
						"south": { "texture": "#sproutsandstem", "uv": [ 0.0, 0.0, 0.5, 3.0 ], "enabled": false, "windMode": [-1,-1,-1,-1] },
						"west": { "texture": "#sproutsandstem", "uv": [ 11.5, 9.5, 15.0, 16.0 ], "autoUv": false, "windMode": [4,4,7,7] },
						"up": { "texture": "#sproutsandstem", "uv": [ 0.0, 0.0, 0.5, 3.0 ], "enabled": false, "windMode": [-1,-1,-1,-1] },
						"down": { "texture": "#sproutsandstem", "uv": [ 0.0, 0.0, 0.5, 3.0 ], "enabled": false, "windMode": [-1,-1,-1,-1] }
					}
				},
				{
					"name": "leaf2",
					"from": [ 0.7, 13.1, -1.1 ], 
					"to": [ 0.7, 16.1, 1.9 ], 
					"rotationOrigin": [ 0.7, 13.1, 0.4 ],
					"rotationZ": -67.5,
					"faces": {
						"north": { "texture": "#sproutsandstem", "uv": [ 0.0, 0.0, 0.5, 3.0 ], "enabled": false, "windMode": [-1,-1,-1,-1] },
						"east": { "texture": "#sproutsandstem", "uv": [ 11.5, 9.5, 15.0, 16.0 ], "autoUv": false, "windMode": [4,7,7,4] },
						"south": { "texture": "#sproutsandstem", "uv": [ 0.0, 0.0, 0.5, 3.0 ], "enabled": false, "windMode": [-1,-1,-1,-1] },
						"west": { "texture": "#sproutsandstem", "uv": [ 11.5, 9.5, 15.0, 16.0 ], "autoUv": false, "windMode": [4,4,7,7] },
						"up": { "texture": "#sproutsandstem", "uv": [ 0.0, 0.0, 0.5, 3.0 ], "enabled": false, "windMode": [-1,-1,-1,-1] },
						"down": { "texture": "#sproutsandstem", "uv": [ 0.0, 0.0, 0.5, 3.0 ], "enabled": false, "windMode": [-1,-1,-1,-1] }
					}
				},
				{
					"name": "leaf3",
					"from": [ 0.1, 3.6, -1.1 ], 
					"to": [ 0.1, 10.1, 1.9 ], 
					"rotationOrigin": [ 0.1, 3.6, 0.4 ],
					"rotationZ": 67.5,
					"faces": {
						"north": { "texture": "#sproutsandstem", "uv": [ 0.0, 0.0, 0.5, 6.5 ], "enabled": false, "windMode": [-1,-1,-1,-1] },
						"east": { "texture": "#sproutsandstem", "uv": [ 7.0, 0.5, 11.5, 10.5 ], "autoUv": false, "windMode": [4,1,1,4] },
						"south": { "texture": "#sproutsandstem", "uv": [ 0.0, 0.0, 0.5, 6.5 ], "enabled": false, "windMode": [-1,-1,-1,-1] },
						"west": { "texture": "#sproutsandstem", "uv": [ 7.0, 0.5, 11.5, 10.5 ], "autoUv": false, "windMode": [4,4,1,1] },
						"up": { "texture": "#sproutsandstem", "uv": [ 0.0, 0.0, 0.5, 3.0 ], "enabled": false, "windMode": [-1,-1,-1,-1] },
						"down": { "texture": "#sproutsandstem", "uv": [ 0.0, 0.0, 0.5, 3.0 ], "enabled": false, "windMode": [-1,-1,-1,-1] }
					}
				},
				{
					"name": "leaf4",
					"from": [ 0.7, 3.6, -1.1 ], 
					"to": [ 0.7, 10.1, 1.9 ], 
					"rotationOrigin": [ 0.7, 3.6, 0.4 ],
					"rotationZ": -67.5,
					"faces": {
						"north": { "texture": "#sproutsandstem", "uv": [ 0.0, 0.0, 0.5, 6.5 ], "enabled": false, "windMode": [-1,-1,-1,-1] },
						"east": { "texture": "#sproutsandstem", "uv": [ 7.0, 0.5, 11.5, 10.5 ], "autoUv": false, "windMode": [4,1,1,4] },
						"south": { "texture": "#sproutsandstem", "uv": [ 0.0, 0.0, 0.5, 6.5 ], "enabled": false },
						"west": { "texture": "#sproutsandstem", "uv": [ 7.0, 0.5, 11.5, 10.5 ], "autoUv": false, "windMode": [4,4,1,1] },
						"up": { "texture": "#sproutsandstem", "uv": [ 0.0, 0.0, 0.5, 3.0 ], "enabled": false },
						"down": { "texture": "#sproutsandstem", "uv": [ 0.0, 0.0, 0.5, 3.0 ], "enabled": false }
					}
				},
				{
					"name": "leaf5",
					"from": [ -1.0, 8.5, 0.1 ], 
					"to": [ 2.0, 13.5, 0.1 ], 
					"rotationOrigin": [ 0.4, 8.5, 0.1 ],
					"rotationX": -67.5,
					"faces": {
						"north": { "texture": "#sproutsandstem", "uv": [ 7.0, 0.5, 11.5, 10.5 ], "autoUv": false, "windMode": [4,1,1,4] },
						"east": { "texture": "#sproutsandstem", "uv": [ 0.0, 0.0, 0.5, 5.0 ], "enabled": false, "windMode": [-1,-1,-1,-1] },
						"south": { "texture": "#sproutsandstem", "uv": [ 7.0, 0.5, 11.5, 10.5 ], "autoUv": false, "windMode": [4,4,1,1] },
						"west": { "texture": "#sproutsandstem", "uv": [ 0.0, 0.0, 0.5, 5.0 ], "enabled": false, "windMode": [-1,-1,-1,-1] },
						"up": { "texture": "#sproutsandstem", "uv": [ 0.0, 0.0, 3.0, 0.5 ], "enabled": false, "windMode": [-1,-1,-1,-1] },
						"down": { "texture": "#sproutsandstem", "uv": [ 0.0, 0.0, 3.0, 0.5 ], "enabled": false, "windMode": [-1,-1,-1,-1] }
					}
				},
				{
					"name": "leaf6",
					"from": [ -1.0, 8.5, 0.7 ], 
					"to": [ 2.0, 13.5, 0.7 ], 
					"rotationOrigin": [ 0.4, 8.5, 0.7 ],
					"rotationX": 67.5,
					"faces": {
						"north": { "texture": "#sproutsandstem", "uv": [ 7.0, 0.5, 11.5, 10.5 ], "autoUv": false, "windMode": [4,1,1,4] },
						"east": { "texture": "#sproutsandstem", "uv": [ 0.0, 0.0, 0.5, 5.0 ], "enabled": false, "windMode": [-1,-1,-1,-1] },
						"south": { "texture": "#sproutsandstem", "uv": [ 7.0, 0.5, 11.5, 10.5 ], "autoUv": false, "windMode": [4,4,1,1] },
						"west": { "texture": "#sproutsandstem", "uv": [ 0.0, 0.0, 0.5, 5.0 ], "enabled": false, "windMode": [-1,-1,-1,-1] },
						"up": { "texture": "#sproutsandstem", "uv": [ 0.0, 0.0, 3.0, 0.5 ], "enabled": false, "windMode": [-1,-1,-1,-1] },
						"down": { "texture": "#sproutsandstem", "uv": [ 0.0, 0.0, 3.0, 0.5 ], "enabled": false, "windMode": [-1,-1,-1,-1] }
					}
				},
				{
					"name": "flowers1",
					"from": [ -1.9, 8.5, 1.4 ], 
					"to": [ 3.6, 13.0, 1.4 ], 
					"rotationOrigin": [ -0.6, 8.5, 1.4 ],
					"rotationY": 45.0,
					"faces": {
						"north": { "texture": "#flowers3", "uv": [ 1.0, 9.0, 12.0, 14.5 ], "autoUv": false, "windMode": [4,4,4,4] },
						"east": { "texture": "#flowers3", "uv": [ 0.0, 0.0, 0.5, 4.5 ], "enabled": false, "windMode": [-1,-1,-1,-1] },
						"south": { "texture": "#flowers3", "uv": [ 1.0, 9.0, 10.0, 14.5 ], "autoUv": false, "windMode": [4,4,4,4] },
						"west": { "texture": "#flowers3", "uv": [ 0.0, 0.0, 0.5, 4.5 ], "enabled": false, "windMode": [-1,-1,-1,-1] },
						"up": { "texture": "#flowers3", "uv": [ 0.0, 0.0, 5.5, 0.5 ], "enabled": false, "windMode": [-1,-1,-1,-1] },
						"down": { "texture": "#flowers3", "uv": [ 0.0, 0.0, 5.5, 0.5 ], "enabled": false, "windMode": [-1,-1,-1,-1] }
					}
				},
				{
					"name": "flowers2",
					"from": [ -1.9, 8.5, -0.6 ], 
					"to": [ 3.6, 13.0, -0.6 ], 
					"rotationOrigin": [ -0.6, 8.5, -0.6 ],
					"rotationY": -45.0,
					"faces": {
						"north": { "texture": "#flowers3", "uv": [ 1.0, 9.0, 10.5, 14.5 ], "autoUv": false, "windMode": [4,4,4,4] },
						"east": { "texture": "#flowers", "uv": [ 0.0, 0.0, 1.0, 4.0 ], "enabled": false, "windMode": [-1,-1,-1,-1] },
						"south": { "texture": "#flowers3", "uv": [ 1.0, 9.0, 10.5, 14.5 ], "autoUv": false, "windMode": [4,4,4,4] },
						"west": { "texture": "#flowers", "uv": [ 0.0, 0.0, 1.0, 4.0 ], "enabled": false, "windMode": [-1,-1,-1,-1] },
						"up": { "texture": "#flowers", "uv": [ 0.0, 0.0, 5.0, 1.0 ], "enabled": false, "windMode": [-1,-1,-1,-1] },
						"down": { "texture": "#flowers", "uv": [ 0.0, 0.0, 5.0, 1.0 ], "enabled": false, "windMode": [-1,-1,-1,-1] }
					}
				},
				{
					"name": "topflower",
					"from": [ -1.6, 13.5, 1.1 ], 
					"to": [ 3.0, 17.0, 1.1 ], 
					"rotationOrigin": [ -0.3, 13.5, 1.1 ],
					"rotationY": 45.0,
					"faces": {
						"north": { "texture": "#flowers", "uv": [ 1.0, 2.0, 14.0, 13.0 ], "rotation": 180, "autoUv": false, "windMode": [4,4,4,4], "windData": [0,1,1,0] },
						"east": { "texture": "#flowers", "uv": [ 0.0, 0.0, 1.0, 3.0 ], "enabled": false, "windMode": [-1,-1,-1,-1] },
						"south": { "texture": "#flowers", "uv": [ 1.0, 2.0, 14.0, 13.0 ], "autoUv": false, "windMode": [4,4,4,4], "windData": [0,0,1,1] },
						"west": { "texture": "#flowers", "uv": [ 0.0, 0.0, 1.0, 3.0 ], "enabled": false, "windMode": [-1,-1,-1,-1] },
						"up": { "texture": "#flowers", "uv": [ 0.0, 0.0, 4.0, 1.0 ], "enabled": false, "windMode": [-1,-1,-1,-1] },
						"down": { "texture": "#flowers", "uv": [ 0.0, 0.0, 4.0, 1.0 ], "enabled": false, "windMode": [-1,-1,-1,-1] }
					}
				}
			]
		}
	]}