[
 {
	enabled: false,
	ingredients: [
		{inputs: [{ type: "item", code: "morecropsfix:dough-*", quantity: 1 }]},
		{inputs: [{ type: "item", code: "game:fruit-*", allowedVariants: ["blueberry", "cranberry", "blackcurrant", "redcurrant", "whitecurrant", "pineapple", "redapple", "pinkapple", "yellowapple", "cherry", "peach", "pear", "orange", "mango", "breadfruit", "lychee", "pomegranate", "saguaro"], quantity: 1 }, { type: "item", code: "expandedfoods:dryfruit-*", allowedVariants: ["blueberry", "cranberry", "blackcurrant", "redcurrant", "whitecurrant", "pineapple", "redapple", "pinkapple", "yellowapple", "cherry", "peach", "pear", "orange", "mango", "breadfruit", "lychee", "pomegranate", "saguaro"], quantity: 1 }, { type: "item", code: "expandedfoods:dehydratedfruit-*", quantity: 1 }, { "type":  "item", "code": "expandedfoods:choppedvegetable-pumpkin", "quantity": 1}, { type: "item", code: "expandedfoods:candiedfruit-*", quantity: 1 }, { type: "item", code: "expandedfoods:gelatin-*", allowedVariants: ["blueberry", "cranberry", "blackcurrant", "redcurrant", "whitecurrant", "saguaro", "plain", "birch", "maple", "honey", "pineapple", "apple", "cherry", "peach", "pear", "orange", "mango", "breadfruit", "lychee", "pomegranate"], quantity: 1 }]},
		],
	output: { type: "item", code: "expandedfoods:berrybread-dough", stackSize: 1}
 },
 {
	enabled: false,
	ingredients: [
		{inputs: [{ type: "item", code: "morecropsfix:dough-*", quantity: 1 }]},
		{inputs: [{ type: "item", code: "game:fruit-*", allowedVariants: ["blueberry", "cranberry", "blackcurrant", "redcurrant", "whitecurrant", "pineapple", "redapple", "pinkapple", "yellowapple", "cherry", "peach", "pear", "orange", "mango", "breadfruit", "lychee", "pomegranate", "saguaro"], quantity: 1 }, { type: "item", code: "expandedfoods:dryfruit-*", allowedVariants: ["blueberry", "cranberry", "blackcurrant", "redcurrant", "whitecurrant", "pineapple", "redapple", "pinkapple", "yellowapple", "cherry", "peach", "pear", "orange", "mango", "breadfruit", "lychee", "pomegranate", "saguaro"], quantity: 1 }, { type: "item", code: "expandedfoods:dehydratedfruit-*", quantity: 1 }, { "type":  "item", "code": "expandedfoods:choppedvegetable-pumpkin", "quantity": 1}, { type: "item", code: "expandedfoods:candiedfruit-*", quantity: 1 }, { type: "item", code: "expandedfoods:gelatin-*", allowedVariants: ["blueberry", "cranberry", "blackcurrant", "redcurrant", "whitecurrant", "saguaro", "plain", "birch", "maple", "honey", "pineapple", "apple", "cherry", "peach", "pear", "orange", "mango", "breadfruit", "lychee", "pomegranate"], quantity: 1 }]},
		{inputs: [{ type: "item", code: "game:fruit-*", allowedVariants: ["blueberry", "cranberry", "blackcurrant", "redcurrant", "whitecurrant", "pineapple", "redapple", "pinkapple", "yellowapple", "cherry", "peach", "pear", "orange", "mango", "breadfruit", "lychee", "pomegranate", "saguaro"], quantity: 1 }, { type: "item", code: "expandedfoods:dryfruit-*", allowedVariants: ["blueberry", "cranberry", "blackcurrant", "redcurrant", "whitecurrant", "pineapple", "redapple", "pinkapple", "yellowapple", "cherry", "peach", "pear", "orange", "mango", "breadfruit", "lychee", "pomegranate", "saguaro"], quantity: 1 }, { type: "item", code: "expandedfoods:dehydratedfruit-*", quantity: 1 }, { "type":  "item", "code": "expandedfoods:choppedvegetable-pumpkin", "quantity": 1}, { type: "item", code: "expandedfoods:candiedfruit-*", quantity: 1 }, { type: "item", code: "expandedfoods:gelatin-*", allowedVariants: ["blueberry", "cranberry", "blackcurrant", "redcurrant", "whitecurrant", "saguaro", "plain", "birch", "maple", "honey", "pineapple", "apple", "cherry", "peach", "pear", "orange", "mango", "breadfruit", "lychee", "pomegranate"], quantity: 1 }]},
		],
	output: { type: "item", code: "expandedfoods:berrybread-dough", stackSize: 1}
 },
 {
	enabled: false,
	ingredients: [
		{inputs: [{ type: "item", code: "morecropsfix:dough-*", quantity: 1 }]},
		{inputs: [{ type: "item", code: "game:fruit-*", allowedVariants: ["blueberry", "cranberry", "blackcurrant", "redcurrant", "whitecurrant", "pineapple", "redapple", "pinkapple", "yellowapple", "cherry", "peach", "pear", "orange", "mango", "breadfruit", "lychee", "pomegranate", "saguaro"], quantity: 1 }, { type: "item", code: "expandedfoods:dryfruit-*", allowedVariants: ["blueberry", "cranberry", "blackcurrant", "redcurrant", "whitecurrant", "pineapple", "redapple", "pinkapple", "yellowapple", "cherry", "peach", "pear", "orange", "mango", "breadfruit", "lychee", "pomegranate", "saguaro"], quantity: 1 }, { type: "item", code: "expandedfoods:dehydratedfruit-*", quantity: 1 }, { "type":  "item", "code": "expandedfoods:choppedvegetable-pumpkin", "quantity": 1}, { type: "item", code: "expandedfoods:candiedfruit-*", quantity: 1 }, { type: "item", code: "expandedfoods:gelatin-*", allowedVariants: ["blueberry", "cranberry", "blackcurrant", "redcurrant", "whitecurrant", "saguaro", "plain", "birch", "maple", "honey", "pineapple", "apple", "cherry", "peach", "pear", "orange", "mango", "breadfruit", "lychee", "pomegranate"], quantity: 1 }]},
		{inputs: [{ type: "item", code: "game:fruit-*", allowedVariants: ["blueberry", "cranberry", "blackcurrant", "redcurrant", "whitecurrant", "pineapple", "redapple", "pinkapple", "yellowapple", "cherry", "peach", "pear", "orange", "mango", "breadfruit", "lychee", "pomegranate", "saguaro"], quantity: 1 }, { type: "item", code: "expandedfoods:dryfruit-*", allowedVariants: ["blueberry", "cranberry", "blackcurrant", "redcurrant", "whitecurrant", "pineapple", "redapple", "pinkapple", "yellowapple", "cherry", "peach", "pear", "orange", "mango", "breadfruit", "lychee", "pomegranate", "saguaro"], quantity: 1 }, { type: "item", code: "expandedfoods:dehydratedfruit-*", quantity: 1 }, { "type":  "item", "code": "expandedfoods:choppedvegetable-pumpkin", "quantity": 1}, { type: "item", code: "expandedfoods:candiedfruit-*", quantity: 1 }, { type: "item", code: "expandedfoods:gelatin-*", allowedVariants: ["blueberry", "cranberry", "blackcurrant", "redcurrant", "whitecurrant", "saguaro", "plain", "birch", "maple", "honey", "pineapple", "apple", "cherry", "peach", "pear", "orange", "mango", "breadfruit", "lychee", "pomegranate"], quantity: 1 }]},
		{inputs: [{ type: "item", code: "game:fruit-*", allowedVariants: ["blueberry", "cranberry", "blackcurrant", "redcurrant", "whitecurrant", "pineapple", "redapple", "pinkapple", "yellowapple", "cherry", "peach", "pear", "orange", "mango", "breadfruit", "lychee", "pomegranate", "saguaro"], quantity: 1 }, { type: "item", code: "expandedfoods:dryfruit-*", allowedVariants: ["blueberry", "cranberry", "blackcurrant", "redcurrant", "whitecurrant", "pineapple", "redapple", "pinkapple", "yellowapple", "cherry", "peach", "pear", "orange", "mango", "breadfruit", "lychee", "pomegranate", "saguaro"], quantity: 1 }, { type: "item", code: "expandedfoods:dehydratedfruit-*", quantity: 1 }, { "type":  "item", "code": "expandedfoods:choppedvegetable-pumpkin", "quantity": 1}, { type: "item", code: "expandedfoods:candiedfruit-*", quantity: 1 }, { type: "item", code: "expandedfoods:gelatin-*", allowedVariants: ["blueberry", "cranberry", "blackcurrant", "redcurrant", "whitecurrant", "saguaro", "plain", "birch", "maple", "honey", "pineapple", "apple", "cherry", "peach", "pear", "orange", "mango", "breadfruit", "lychee", "pomegranate"], quantity: 1 }]},
		],
	output: { type: "item", code: "expandedfoods:berrybread-dough", stackSize: 1}
 },
 {
	enabled: false,
	ingredients: [
		{inputs: [{ type: "item", code: "morecropsfix:dough-*", quantity: 1 }]},
		{inputs: [{ type: "item", code: "game:fruit-*", allowedVariants: ["blueberry", "cranberry", "blackcurrant", "redcurrant", "whitecurrant", "pineapple", "redapple", "pinkapple", "yellowapple", "cherry", "peach", "pear", "orange", "mango", "breadfruit", "lychee", "pomegranate", "saguaro"], quantity: 1 }, { type: "item", code: "expandedfoods:dryfruit-*", allowedVariants: ["blueberry", "cranberry", "blackcurrant", "redcurrant", "whitecurrant", "pineapple", "redapple", "pinkapple", "yellowapple", "cherry", "peach", "pear", "orange", "mango", "breadfruit", "lychee", "pomegranate", "saguaro"], quantity: 1 }, { type: "item", code: "expandedfoods:dehydratedfruit-*", quantity: 1 }, { "type":  "item", "code": "expandedfoods:choppedvegetable-pumpkin", "quantity": 1}, { type: "item", code: "expandedfoods:candiedfruit-*", quantity: 1 }, { type: "item", code: "expandedfoods:gelatin-*", allowedVariants: ["blueberry", "cranberry", "blackcurrant", "redcurrant", "whitecurrant", "saguaro", "plain", "birch", "maple", "honey", "pineapple", "apple", "cherry", "peach", "pear", "orange", "mango", "breadfruit", "lychee", "pomegranate"], quantity: 1 }]},
		{inputs: [{ type: "item", code: "game:fruit-*", allowedVariants: ["blueberry", "cranberry", "blackcurrant", "redcurrant", "whitecurrant", "pineapple", "redapple", "pinkapple", "yellowapple", "cherry", "peach", "pear", "orange", "mango", "breadfruit", "lychee", "pomegranate", "saguaro"], quantity: 1 }, { type: "item", code: "expandedfoods:dryfruit-*", allowedVariants: ["blueberry", "cranberry", "blackcurrant", "redcurrant", "whitecurrant", "pineapple", "redapple", "pinkapple", "yellowapple", "cherry", "peach", "pear", "orange", "mango", "breadfruit", "lychee", "pomegranate", "saguaro"], quantity: 1 }, { type: "item", code: "expandedfoods:dehydratedfruit-*", quantity: 1 }, { "type":  "item", "code": "expandedfoods:choppedvegetable-pumpkin", "quantity": 1}, { type: "item", code: "expandedfoods:candiedfruit-*", quantity: 1 }, { type: "item", code: "expandedfoods:gelatin-*", allowedVariants: ["blueberry", "cranberry", "blackcurrant", "redcurrant", "whitecurrant", "saguaro", "plain", "birch", "maple", "honey", "pineapple", "apple", "cherry", "peach", "pear", "orange", "mango", "breadfruit", "lychee", "pomegranate"], quantity: 1 }]},
		{inputs: [{ type: "item", code: "game:fruit-*", allowedVariants: ["blueberry", "cranberry", "blackcurrant", "redcurrant", "whitecurrant", "pineapple", "redapple", "pinkapple", "yellowapple", "cherry", "peach", "pear", "orange", "mango", "breadfruit", "lychee", "pomegranate", "saguaro"], quantity: 1 }, { type: "item", code: "expandedfoods:dryfruit-*", allowedVariants: ["blueberry", "cranberry", "blackcurrant", "redcurrant", "whitecurrant", "pineapple", "redapple", "pinkapple", "yellowapple", "cherry", "peach", "pear", "orange", "mango", "breadfruit", "lychee", "pomegranate", "saguaro"], quantity: 1 }, { type: "item", code: "expandedfoods:dehydratedfruit-*", quantity: 1 }, { "type":  "item", "code": "expandedfoods:choppedvegetable-pumpkin", "quantity": 1}, { type: "item", code: "expandedfoods:candiedfruit-*", quantity: 1 }, { type: "item", code: "expandedfoods:gelatin-*", allowedVariants: ["blueberry", "cranberry", "blackcurrant", "redcurrant", "whitecurrant", "saguaro", "plain", "birch", "maple", "honey", "pineapple", "apple", "cherry", "peach", "pear", "orange", "mango", "breadfruit", "lychee", "pomegranate"], quantity: 1 }]},
		{inputs: [{ type: "item", code: "game:fruit-*", allowedVariants: ["blueberry", "cranberry", "blackcurrant", "redcurrant", "whitecurrant", "pineapple", "redapple", "pinkapple", "yellowapple", "cherry", "peach", "pear", "orange", "mango", "breadfruit", "lychee", "pomegranate", "saguaro"], quantity: 1 }, { type: "item", code: "expandedfoods:dryfruit-*", allowedVariants: ["blueberry", "cranberry", "blackcurrant", "redcurrant", "whitecurrant", "pineapple", "redapple", "pinkapple", "yellowapple", "cherry", "peach", "pear", "orange", "mango", "breadfruit", "lychee", "pomegranate", "saguaro"], quantity: 1 }, { type: "item", code: "expandedfoods:dehydratedfruit-*", quantity: 1 }, { "type":  "item", "code": "expandedfoods:choppedvegetable-pumpkin", "quantity": 1}, { type: "item", code: "expandedfoods:candiedfruit-*", quantity: 1 }, { type: "item", code: "expandedfoods:gelatin-*", allowedVariants: ["blueberry", "cranberry", "blackcurrant", "redcurrant", "whitecurrant", "saguaro", "plain", "birch", "maple", "honey", "pineapple", "apple", "cherry", "peach", "pear", "orange", "mango", "breadfruit", "lychee", "pomegranate"], quantity: 1 }]},
		],
	output: { type: "item", code: "expandedfoods:berrybread-dough", stackSize: 1}
 },
]